protected,username,name,url,verified,location,id,description,created_at,public_metrics.followers_count,public_metrics.following_count,public_metrics.tweet_count,public_metrics.listed_count,public_metrics.like_count,withheld.country_codes
FALSE,Infosys,Infosys,https://t.co/dJVnxBCFqf,TRUE,"Global (HQ: Bangalore, India)",14462907,"Follow us to join conversations on how to #NavigateYourNext! We help clients navigate transformation with #AI powered core, #AgileDigital & lifelong #Learning",2008-04-21T15:20:52.000Z,520349,20,31873,2085,1649,
FALSE,RafaelNadal,Rafa Nadal,,FALSE,Manacor,344634424,Tennis Player,2011-07-29T10:44:02.000Z,15591643,154,3240,22641,285,
FALSE,edwardlimp,JACK LYON,,FALSE,"Memphis, TN",1694032671620362240,,2023-08-22T17:04:07.000Z,99,28,186,0,89,
FALSE,rovercrc,Crypto Rover,https://t.co/xGVGcK2Xcv,FALSE,Bitcoin ğŸ¤©ğŸŒ™,1353384573435056128,#Bitcoin Crypto YouTuber (120k SUBS) | Founder of @cryptoseacom,2021-01-24T16:50:08.000Z,681394,367,29283,1958,20529,
FALSE,BrnMetaverse,BRN Metaverse,https://t.co/CVHpDy8q8G,FALSE,Metaverse,1479901548209655808,"ğŸŒPioneering Real-World & Virtual Connections via #AI, #GameFi, & #Web3.0 | Token-Based Ecosystem Architects ğŸª™| #PlayToEarn Rangers at ERAğŸ® https://t.co/oPLur3vClY",2022-01-08T19:43:36.000Z,109008,22,1949,44,1577,
FALSE,kortizart,Karla Ortiz,https://t.co/VyCuxaxW9t,FALSE,SF,204406420,"Karla is a Puerto Rican artist who works on Films (MCU, ILM,HBO), Games, TV, Covers, Fine art, etc. Passionate advocate for better artist industries+ rights âœŒï¸",2010-10-18T16:35:52.000Z,89054,5543,25472,856,162926,
FALSE,GenAi_offi,GenAi sol,https://t.co/MGMerAC9nf,FALSE,,1663269489515872267,BlackRock building the future of Ai ğŸ¤– with #GenAi #Solana #memecoin CA   9vCvUaPoaB8K6PpuUfkDPgpxhj3h6THwjXMD7Gn4zKKX,2023-05-29T19:42:59.000Z,3355,26,284,0,553,
FALSE,HeyAbhishekk,Abhishek,https://t.co/T7zL1Gqn1Q,FALSE,Read for free ğŸ‘‰,1547059723811229696,"Helping you to use  AI in Productivity, Marketing and Online business | Sharing latest AI News, AI Tools and Tutorials",2022-07-13T03:26:17.000Z,64426,267,12792,1805,36880,
FALSE,enricomolinari,Enrico Molinari #CES2024,https://t.co/IZGXh21Xgf,FALSE,Global ğŸ‡®ğŸ‡¹ ğŸ‡ªğŸ‡º ğŸ‡ºğŸ‡¸ ,75673231,Head innovation & Tech Transfer @BNPParibas @HPEâœ¨university marketing fintech Profâœ¨PTP Science Park Boardâœ¨speaker & journalistâœ¨Top Global FinTech influencer,2009-09-19T23:55:41.000Z,50847,7015,82964,639,66297,
FALSE,BCG,Boston Consulting Group,https://t.co/nhY4tWh91J,TRUE,Global,501801749,"Official global account of Boston Consulting Group. Highlights of our work, initiatives, people, partnerships, and more. Also @BCGhenderson & @bcgx_",2012-02-24T13:59:03.000Z,504115,842,19416,4159,2350,
FALSE,mmarccode,mar,https://t.co/zXEFkZshIJ,FALSE,somehwere,1505796162267545601,"it just doesn't flip, yet.",2022-03-21T06:41:02.000Z,659,1606,5802,2,16247,
FALSE,choc07_,ChocğŸƒ,,FALSE,,1452908764055568384,"01 GenZ/ #BTC #ETH For the future crypto and decentralized dream
Web3 Marketing and Branding",2021-10-26T08:03:46.000Z,32503,317,543,2,746,
FALSE,BSquaredNetwork,BÂ² Network | BTC Layer2,https://t.co/6alk4WzSID,FALSE,Bitcoin Layer-2 Ecosystem,1597132648521953280,The Most Practical Bitcoin Layer-2 Network | The First Bitcoin DA Layer | Beta Testnet is Live | BÂ² Buzz ğŸš€ https://t.co/BBeiF6nhRj,2022-11-28T07:38:01.000Z,315540,139,405,574,151,
FALSE,_ranituran,Ayu Maharani ğŸ‰ğŸ‡®ğŸ‡© waitlist closed,https://t.co/PbENU7COda,FALSE,,236655906,"â™€ï¸ '93 
| Comm https://t.co/iEM26SD3G0
| Inprint https://t.co/wHAzvYSYUy
| Tokped https://t.co/rwPQUveCn3",2011-01-11T02:34:06.000Z,4052,580,62956,45,97754,
FALSE,TheAbbeyRoadie,The Abbey Roadie | Available for Work!,https://t.co/xXpK6OIfMk,FALSE,"Los Angeles, CA",385516911,"Lauren. 30. She/Her. Previously: KFP4 at DreamWorks Anim ğŸŒ™ğŸ£ Prod Coord, Story Artist, Char Designer, and @DougErholtzâ€™s Print Artist.âœ¨Opinions are my own.",2011-10-05T16:54:19.000Z,5382,3502,17936,37,263809,
FALSE,fabienprevots,Fabien PrÃ©vots,https://t.co/KtyOTORgtj,FALSE,Toulouse,2243751272,https://t.co/jBFkXaWmyp #influenceur Apporteur d'affaires #Finance #Biotech Coach #Formateur #socialmedia #web2.0  #Top10 with the Highest Impact on #Cloud (Ranking: 4th),2013-12-13T11:09:19.000Z,40825,38322,402855,433,1172,
FALSE,einarwh,Einar W. HÃ¸st,http://t.co/61i8w4wGdY,FALSE,Norway,14291654,I am a cornucopia of near relevant facts.,2008-04-03T08:51:57.000Z,2143,1681,24836,77,27307,
FALSE,EYnews,EY,https://t.co/KzZJwkhk5N,TRUE,,70001932,"Building a #BetterWorkingWorld and creating #LongTermValue by providing trust through assurance and helping organizations grow, transform and operate.",2009-08-30T00:22:54.000Z,340707,242,20432,3505,4922,
FALSE,imravikumars,Ravi Kumar S,,FALSE,Manhattan New York ,232796762,"CEO @Cognizant, Digital & Workforce transformation, loves Manhattan, Single Malt Whiskies, Story telling, Avid traveler, Hindi movie buff",2011-01-01T09:44:35.000Z,11057,560,3930,57,1785,
FALSE,CNOFinancial,CNO Financial Group,https://t.co/any9dm1boh,FALSE,"Carmel, IN",47979479,CNO Financial Group secures the future of middle-income America.,2009-06-17T14:36:22.000Z,654,266,2024,28,756,
FALSE,HimanshiET,Himanshi Lohchab,,FALSE,,1052563636797943808,"Senior Correspondent, Telecom & Technology @EconomicTimes AI, Metaverse, Web3, cybersecurity, online gaming, semiconductors, IT Hardware",2018-10-17T14:15:01.000Z,2110,685,1073,5,2178,
FALSE,BetaMoroney,Tony Moroney,,FALSE,Dublin & London,1175377309676781568,Thinkers 360 Top 10 Digital #Disruption Top 25 #Fintech | Co-founder @DTLabUCC | Director #Digital @IMI_Ireland | Senator @wbaforum | #DigitalTransformation,2019-09-21T11:53:13.000Z,12445,4510,127512,180,168625,
FALSE,mikebago,Mike B. Ndimurukundo,,FALSE,"Kigali, Rwanda",27737167,"Tech â€¢ Innovation â€¢ EdTech â€¢ Entrepreneurship â€¢ Community â€¢ Opinions are my own â€¢ Let's chat over â˜•ï¸ â€¢ 

#Kwibuka30 #NeverAgain",2009-03-30T21:44:00.000Z,2437,1367,8305,15,30693,
FALSE,Andela,Andela,https://t.co/cko91o8Bkx,FALSE,HQ = Internet,1378315837,Andela is the global talent marketplace connecting leading organizations with highly skilled technologists in emerging markets.,2013-04-25T00:34:18.000Z,70806,2197,5585,502,13596,
FALSE,Portalcoin,Portal,https://t.co/SAUYnu8tN5,TRUE,The Portal ,1658069772896960513,"Onboarding the first billion gamers into Web3.

Launching on @binance, Feb 29 | Built with @LayerZero_Labs | Integrated with @Solana, @0xPolygon & more",2023-05-15T11:20:35.000Z,358098,1,344,567,174,
FALSE,ariftdesign,Itâ€™s Arift,https://t.co/jkJPxs04po,FALSE,"Batu Pahat, Johor",1165416642,COMMISSION CLOSED | Freelance Illustrator | Artist for Komik Karier: Cikgu Akbar | Do not repost my artworks | Shitposting is must | ğŸš«N/F/TğŸš«,2013-02-10T09:32:21.000Z,4671,1783,111189,21,208720,
FALSE,exl_service,EXL,https://t.co/7QQpEdbVLG,FALSE,"Park Avenue, NY, USA",1111320127,"We make sense of data to drive your business forward.
#MakeSenseofData #DriveYourBusinessForward #PartnerYourWay",2013-01-22T11:39:32.000Z,3734,134,10610,121,1012,
FALSE,Samsung,Samsung Electronics,https://t.co/53pos9N11p,TRUE,"Suwon, Korea",2381578122,"Follow us for the latest news about our people, insights, technologies, products and services.

â€» Samsung Newsroom Korea: @SamsungNewsroom",2014-03-10T05:31:46.000Z,718522,1408,5375,1958,209,
FALSE,googlecloud,Google Cloud,https://t.co/Yuy6a49jcM,TRUE,,19367815,"Welcome to the new way to cloud.

Questions? â¡ï¸ https://t.co/BFKBu3tEmS
For do-ers & makers â¡ï¸ @GoogleCloudTech
Register now for #GoogleCloudNext â¬‡ï¸",2009-01-22T23:01:56.000Z,527268,1297,16496,6935,11133,
FALSE,aster_cloud,aster.cloud,https://t.co/WTNtJ9VtrM,FALSE,,1123603187095621632,"about = [""cloud_computing"", ""software"", ""programming"", ""technology"", ""devops"", ""dev_tutorials"", ""tech_news""]",2019-05-01T15:00:50.000Z,350,357,6175,4,685,
FALSE,elonmusk,Elon Musk,,FALSE,,44196397,,2009-06-02T20:12:29.000Z,174132570,547,38814,148858,43845,
FALSE,DeloitteAcctg,Deloitte Accounting,,FALSE,United States,1962875852,"Deloitte & Touche LLP insights on the latest U.S.-focused accounting, financial reporting, regulatory, and industry developments.",2013-10-15T15:26:28.000Z,5174,187,10168,96,143,
FALSE,lwastuargo,Gogo,https://t.co/g3vQukHphG,FALSE,ğŸŸ©ğŸŸ©ğŸŸ©ğŸŸ¨â¬œâ¬œâ¬œâ¬œâ¬œâ¬œ 1000 students,272963359,"Professional social climber ğŸªœ

To earn more ğŸ’¸: https://t.co/cL9UlSthwD
To work less ğŸ’¤: https://t.co/Zo0xHbDHBZ
For startups âš™ï¸: https://t.co/k6jzDLt7NE",2011-03-27T14:53:57.000Z,15645,185,4075,39,4068,
FALSE,FT,Financial Times,https://t.co/pAkU7GeWJx,FALSE,London,18949452,Big stories and breaking news headlines as they are published on https://t.co/EYmAcRLBHv. Register here to access free articles: https://t.co/NRg2hritkA,2009-01-13T19:28:24.000Z,5872369,1049,321495,47544,40,
FALSE,sandy_carter,Sandy.PUDGY,https://t.co/S5ELc2Dkxl,FALSE,"San Francisco, CA",14065217,"Agile leader. Energizer bunny. COO Unstoppable, #AWS VP Alum + https://t.co/ColOjn0WSD 10 #AI #Cloud #CMO #Web3 #IoT influencer. Best Selling Author. TEDx.",2008-03-01T15:43:11.000Z,91786,85934,62651,3932,68378,
FALSE,Forbes,Forbes,https://t.co/6qjZ8PCpvM,FALSE,"New York, NY",91478624,Sign up now for Forbes' free daily newsletter for unmatched insights and exclusive reporting: https://t.co/LAKg7gIfDJ,2009-11-21T02:09:57.000Z,19864772,4909,558583,63974,10284,
FALSE,LookSocialMedia,Digital Marketing,,FALSE,,980805962,Sharing digital marketing industry news to keep you up to date. Follow along to stay informed.,2012-11-30T16:39:42.000Z,139984,1047,24186,3394,0,
FALSE,moonlightst,Moonlight,,FALSE,,287814485,,2011-04-25T18:42:33.000Z,99,0,0,0,0,
FALSE,ScopeProtocol,0xScope,https://t.co/iasjWxOng1,FALSE,block,1465939427612667906,"The AI Data Layer For Web3 AI Applications. 

Maker of ğŸ“ˆ https://t.co/Rvq2klbewf | ğŸ” @0xScopeScan 

Join us https://t.co/aFafmkrW0c",2021-12-01T07:03:51.000Z,82068,323,2356,728,902,
FALSE,UltiverseDAO,Ultiverse,https://t.co/Fs07MMNcXE,TRUE,https://discord.gg/Ultiverse,1499022668913328133,Crafting AI-driven gaming worlds beyond imagination with VR and NFTs | Powered by Bodhi Protocol | Backed by @BinanceLabs & Sequoia.,2022-03-02T14:04:05.000Z,486972,85,2888,592,8586,
FALSE,cyberpetacraft,Cyberpetacraft | AI+Crypto,https://t.co/1Jfn7GcdkC,FALSE,BNB CHAIN,1733683842031271936,"Training personal AI Agents on Twitter through gamification for profit.

ğŸš€ğŸ¤–ğŸ‘‰Invite Code: PETA-lnID9Zq2vi

Join community: https://t.co/C1VX2HEKwU",2023-12-10T03:04:09.000Z,19873,5,88,1,87,
FALSE,trafficwave,TrafficWave,https://t.co/YjAAfmke4f,FALSE,HOUSTON,19056688,Email and Digital Marketing = 24/7 Lead Generation and Follow Up #emailmarketing #listbuilding #social #trafficwave #autoresponders #leadgeneration,2009-01-16T05:44:22.000Z,9590,2238,18185,213,1698,
FALSE,The_Juggrnaut,The Juggernaut ğŸŸ¥,https://t.co/B9JaXgDvqu,FALSE,The Minefields,871007623952433153,"Navigating these market minefields with visionary insight, Prevailing beyond the majority's scope, Embracing divine timing, open to receive life's gifts.",2017-06-03T14:16:14.000Z,678,719,3785,4,16513,
FALSE,SaitoOfficial,Saito Network ğŸŸ¥,https://t.co/avhWXCbULV,FALSE,,991556631136645120,"Building a self-sufficient layer-one blockchain that scales without compromising openness.

Designed to Scale. Built Without Trade-Offs.",2018-05-02T05:54:57.000Z,43116,1253,3213,192,5507,
FALSE,JackJWard,JJ Ward ğŸŸ¥,,FALSE,,1387370483952209925,,2021-04-28T11:38:22.000Z,1225,612,4769,2,62562,
FALSE,MukkingAbout,Muk ğŸŸ¥,,FALSE,America,1384811620916883456,"$Saito is an economic revolution

21Usr3tkmytn26ndmcGBHs8tKAKxLJ4RfKiL2SgZhSZy2",2021-04-21T10:10:34.000Z,438,450,3971,12,6266,
FALSE,Saitodler,Alex ğŸŸ¥ @Saitodler,https://t.co/l4jwb9xBgm,FALSE,"Budapest, Hungary",3729593165,OG #Saitodler Admin $Saito TG community â— saitodler@saito,2015-09-21T15:46:35.000Z,1011,80,6426,6,15085,
FALSE,holdsaito,Maxime ğŸŸ¥,,FALSE,France,2440804043,ğŸ‡«ğŸ‡· Blockchain Enthusiast / $SAITO OG ğŸŸ¥ / $MLT $BTC $ETH $AST $SDEX $LINK $WOO,2014-03-27T22:11:57.000Z,1014,449,7223,10,33148,
FALSE,D_PoConviction,Galaxy ğŸ‡µğŸ‡¸ ğŸŸ¥,,FALSE,SEAsia,1593145575192465413,"Crypto rewards mercenaries, SAITO rewards builders;
Free Palestine;
Galaxy is the cat's name;
Capitalism Survivor",2022-11-17T07:34:59.000Z,687,529,3707,4,19093,
FALSE,VajraTalon,VajrağŸŸ¥,,FALSE,Saitoverse,1462679342022991873,https://t.co/jRWJF45MWQ,2021-11-22T07:08:35.000Z,582,1470,1026,11,16829,
FALSE,SaitoWeb3,Saitozen ğŸŸ¥,https://t.co/rpLeDEb2jZ,FALSE,,39504436,"Community dev, help with donations if you can, more info: https://t.co/1H3z08EG21",2009-05-12T13:59:17.000Z,354,650,499,2,1310,
FALSE,NurrrdFerguson,ğŸŸ¥NurrrdFergusonğŸŸ¥,,FALSE,Feet on ground Head in clouds,773565311752736768,"Saitozen OGğŸ’
Limited edition
High friction non fiction rendition
Theres more to usğŸ‘€
Like Morpheus
Stories of us will be glorious!
Also...
ğŸ¶ğŸ‘‘!!GO DAWGS!!ğŸ‘‘ğŸ¶",2016-09-07T16:55:17.000Z,355,254,1611,5,18514,
FALSE,iEx_ec,iExec RLC - Official,https://t.co/uBYKO7jhhv,TRUE,,775658150179508224,"Monetize computing power, datasets & apps. 
Build Web3 apps that preserve ownership & privacy.",2016-09-13T11:31:29.000Z,78961,2762,3996,905,2217,
FALSE,Rajeev_GoI,Rajeev Chandrasekhar ğŸ‡®ğŸ‡³,https://t.co/i3TTf02OBY,TRUE,"Bengaluru, Karnataka",28082599,"Union Minister of State for Entrepreneurship, Skill Develpmnt,Electronics & Technology, Jal Shakti - Chip Designer, Cellular pioneer,Tech Investor, AviatorğŸ‡®ğŸ‡³",2009-04-01T10:23:53.000Z,348664,2536,82795,1077,80649,
FALSE,GoogleAI,Google AI,https://t.co/WrL9sUqFHx,TRUE,"Mountain View, CA",33838201,"Google AI is focused on bringing the benefits of AI to everyone. In conducting and applying our research, we advance the state-of-the-art in many domains.",2009-04-21T06:59:33.000Z,2136112,23,2404,23820,6,
FALSE,GoogleIndia,Google India,https://t.co/J5wpIBbevH,TRUE,Gurgaon,94530194,"Searching for ways to make small businesses ğŸ’¼ and our coffee â˜• stronger.
Building a safer internet for a billion Indians ğŸŒ",2009-12-04T10:15:36.000Z,1468798,53,8831,1656,971,
FALSE,GoI_MeitY,Ministry of Electronics & IT,https://t.co/TDsoPw0dLA,TRUE,New Delhi ,2570642840,à¤­à¤¾à¤°à¤¤ à¤¸à¤°à¤•à¤¾à¤° à¤•à¥€ à¤‡à¤²à¥‡à¤•à¥â€à¤Ÿà¥à¤°à¥‰à¤¨à¤¿à¤•à¥€ à¤”à¤° à¤¸à¥‚à¤šà¤¨à¤¾ à¤ªà¥à¤°à¥Œà¤¦à¥à¤¯à¥‹à¤—à¤¿à¤•à¥€ à¤®à¤‚à¤¤à¥à¤°à¤¾à¤²à¤¯ à¤•à¥€ à¤†à¤§à¤¿à¤•à¤¾à¤°à¤¿à¤• à¤Ÿà¥à¤µà¤¿à¤Ÿà¤° Official Twitter of Ministry of Electronics & Information Technology Gov of India,2014-06-16T09:57:49.000Z,829482,310,31280,1254,1699,
FALSE,BenCrypt_,"Benedicthy Hedithy (â™Ÿï¸, ğŸ”¥)",,FALSE,In Profit,1711394904146903040,Degen | Technical Analyst | Trader | Blockchain Enthusiast | Web3 Guy || Alpha ThreadsğŸ§µ â†’ The next 100x gem! || BuildingğŸ› ï¸ @collegesensei_,2023-10-09T14:56:00.000Z,766,215,2243,0,4752,
FALSE,kelmoujahid,kemal el moujahid,https://t.co/spjnqgOuyC,FALSE,,127831036,"CPO helping build @Chainlink. Ex product lead for @TensorFlow Google, ex-AI lead @Messenger, ex-Founder @Liveminutes. Views my own.",2010-03-30T11:01:16.000Z,5035,425,531,56,921,
FALSE,VoQn,ã¼ã†ãã‚“ | VoQn ğŸ¨,https://t.co/tsifYa9N7B,FALSE,Tokyo,4909401,ãƒ‡ã‚¶ã‚¤ãƒŠãƒ¼ã—ãŸã‚Šã‚¨ãƒ³ã‚¸ãƒ‹ã‚¢ã—ãŸã‚Š | ã‚¹ãƒãƒ›ã‚¢ãƒ—ãƒªã‚„ã‚²ãƒ¼ãƒ ã€ã‚¦ã‚§ãƒ–ã‚µãƒ¼ãƒ“ã‚¹ã®ã‚³ãƒ³ã‚»ãƒ—ãƒˆãƒ¯ãƒ¼ã‚¯ã‚’ä¸»ã«ã‚„ã£ã¦ã¾ã—ãŸï¼ˆä»Šã¯é–‹ç™ºç¾å ´ã®éŸ³é ­å–ã‚Šï¼‰| å€‹äººã®è¶£å‘³ã®çµµã¨ã‹ã¯ãƒ—ãƒ­ãƒ•ã®ã€ãƒã‚¤ãƒ©ã‚¤ãƒˆã€ãªã©ã‚’è¦‹ã¦ãã ã•ã„,2007-04-16T18:48:51.000Z,9075,5245,176610,446,90952,
FALSE,CatherineAdenle,Catherine Adenle,https://t.co/0j7D2DoEdH,FALSE,"England, United Kingdom",68433676,"ğŸ“ŒTop 22 Women in Tech and Influencers to Follow 2022. #Tech #AI #ML #Data, #Cybersecurity, Certified #ChangeManagement Professional, #Careeradvice, â¤ï¸ Family",2009-08-24T15:37:04.000Z,42482,2696,30323,873,45847,
FALSE,VerdictUK,Verdict,https://t.co/mGcGLonBo9,FALSE,"London, England",760046461824409600,"The latest news on #technology and disruption | Read the magazine: https://t.co/6ejSsUdIL5â€¦

A @globaldataplc publication.",2016-08-01T09:36:12.000Z,4249,1496,30067,126,2777,
FALSE,McKinsey,McKinsey & Company,https://t.co/1Q5hZjYani,TRUE,Global,34042766,"Since 1926, the trusted advisor to the world's leading businesses, governments, and institutions. 130+ offices in 65+ countries.",2009-04-21T21:09:11.000Z,641708,1187,47396,6313,2559,
FALSE,con2013_ops,AllTechStuff,,FALSE,London UK,1092282878,"Interested in Tech? All things #DigitalTransformation, #AI, #ML, #Cybersecurity, #IIoT, #BigData, #VR, #NPL and occasional professional career advice?",2013-01-15T14:43:19.000Z,120,163,4649,1,4590,
FALSE,Careerstips1,Careerstips,,FALSE,Global,991594459828772864,I provide #tech news & tested #career tips to all professionals. Get your career decisions right the first time with great #tips and resources from experts.,2018-05-02T08:25:16.000Z,223,461,8598,5,9139,
FALSE,kubotamas,ä¹…ä¿ç”° é›…ä¹Ÿ@å…ƒVCâ†’æ¬¡ã¯æœªå®š,,FALSE,æ—¥æœ¬ æ±äº¬,53486081,å…ƒWiLã®å‰µæ¥­ãƒ¡ãƒ³ãƒãƒ¼å…¼ãƒ‘ãƒ¼ãƒˆãƒŠãƒ¼ã€‚ã‚·ãƒªã‚³ãƒ³ãƒãƒ¬ãƒ¼ã®æœ€æ–°ãƒ†ãƒƒã‚¯ãƒˆãƒ¬ãƒ³ãƒ‰ã«ã¤ã„ã¦ã‚†ã‚‹ãç™ºä¿¡ã—ã¾ã™ã€‚NPãƒ—ãƒ­ãƒ”ãƒƒã‚«ãƒ¼ã€‚Quartz Japanã€ŒNext Startupã€æ—¥çµŒãƒ“ã‚¸ãƒã‚¹ã€Œãƒ™ãƒ³ãƒãƒ£ãƒ¼ã‚­ãƒ£ãƒ”ã‚¿ãƒªã‚¹ãƒˆã®çœ¼ã€ãªã©åŸ·ç­†ã€‚ç¾åœ¨ã€æ¬¡ã®ãƒãƒ£ãƒ¬ãƒ³ã‚¸ã‚’æ¨¡ç´¢ä¸­ã€‚ã‚¹ã‚¿ãƒ¼ãƒˆã‚¢ãƒƒãƒ—æŠ•è³‡ãƒ»æ”¯æ´ã‚„å¤§ä¼æ¥­DXã®ã”ç›¸è«‡ãªã©ã€æ°—è»½ã«DMãã ã•ã„ï¼,2009-07-03T20:14:01.000Z,29862,2296,8191,857,13086,
FALSE,AINN_BRC20,AINN | BRC20 AI Crypto,,TRUE,Web3,1658789968314265601,#BRC20 inscription + AI at its core! We provide value for human society with #Web3 + #AI. ğŸ’¡ Power #AIdapp builders. ğŸ¤– TG: https://t.co/rAJppIuPKF,2023-05-17T11:02:21.000Z,15545,29,147,17,91,
FALSE,Web3WithBinance,Binance Web3 | NFT | Inscriptions,https://t.co/Cq1e9OJdMj,TRUE,,1400391752368992260,"Your home for everything Web3 with #Binance - NFTs, DeFi, inscriptions and more.

Get started with the Binance Web3 Wallet today!",2021-06-03T10:01:07.000Z,1070724,658,3456,3692,3329,
FALSE,Whizz_ai,Hamza Khalid,https://t.co/v7bjE1OVjD,FALSE,Build â” Your Brand now ,1643554227615064065,"AI Soloprenuer â” Helping Business to Grow Faster| â€¢ Sharing Insights â” On AI, Tech, Business Strategies, and Digital Products| â€¢ Personal Branding | ğŸ“© Collab",2023-04-05T10:00:49.000Z,8019,179,6666,69,22354,
FALSE,DomainFQ,ğ€ğ¥ğ¡ğšğ¦ğğ®ğ¥ğ¢ğ¥ğ¥ğšğ¡ - ğƒğ¨ğ¦ğšğ¢ğ§ğ…ğ,https://t.co/XymN73uxwX,FALSE,india,976503230489178113,"ğ€ğ¥ğ¡ğšğ¦ğğ®ğ¥ğ¢ğ¥ğ¥ğšğ¡ ğğ®ğ² ğ€ğ§ğ ğ’ğğ¥ğ¥ ğƒğ¨ğ¦ğšğ¢ğ§ ğğšğ¦ğ

 #ğ€ğ¥ğ¡ğšğ¦ğğ®ğ¥ğ¢ğ¥ğ¥ğšğ¡ #ğƒğ¨ğ¦ğšğ¢ğ§ #ğƒğ¨ğ¦ğšğ¢ğ§ğ¬ #ğƒğ¨ğ¦ğšğ¢ğ§ğŸğ¨ğ«ğ¬ğšğ¥ğ",2018-03-21T16:58:07.000Z,1550,240,20762,21,8672,
FALSE,crypto_4whales,Memecoin â˜ƒï¸ Gems ğŸ’ Shitcoin ğŸ’©,https://t.co/ax4WBHgSyx,FALSE,"South Australia, Australia",1599784655187738625,ğŸ³ 10-1000x | Degenerate - Shitcoin Maxi | memecoin king #solana #Eth #Bitcoin #bnb âš ï¸NFA always Dyor ğŸ˜… | Low McapğŸ’°ğŸš€ #Airdrop #gems ğŸ”—ğŸ¯ 4000 members in TG,2022-12-05T15:16:31.000Z,10329,569,3866,2,6583,
FALSE,KarenScofi21001,Karen Scofield,,FALSE,,1655884680665636864,,2023-05-09T10:38:21.000Z,105,187,442,0,155,
FALSE,BabySora_AI,BabySora | AI,https://t.co/qxUbhIN3Z5,FALSE,,2390372563,BABYSORA - THE REAL TOKEN BASE ON SORA AI,2014-03-15T04:04:44.000Z,1225,2,51,0,16,
FALSE,TheFastMode,The Fast Mode,https://t.co/IaxucRP9Gg,FALSE,Singapore,1350746466,"Leading independent research and media brand, providing breaking news, analysis and insights for global IT / telecommunications.

Newsletter: https://t.co/eBynDiMNYr",2013-04-14T02:25:58.000Z,13256,3977,40839,245,9241,
FALSE,Daniel991877033,Daniel,,FALSE,,1726566615846993920,,2023-11-20T11:42:22.000Z,156,226,941,0,1215,
FALSE,Laika_ai,Laika AI(Hiring!),https://t.co/Fx6hSuseco,FALSE,Neural Networks ,1486323629554286604,"Creating On-chain Data layer for AI &  tools for DeFi research, Wallet Analysis, NFT's &  Token Contract analysis using AI. Part of @GoogleStartups for AI.",2022-01-26T13:02:29.000Z,96638,397,455,25,916,
FALSE,Paco_WTB,Paco,,FALSE,,1707405988624502784,åŠªåŠ›æŠŠäº‹æƒ…åšå¾—æ›´æ£’ï¼Œå’Œä¸€ç¾¤äººä¸€èµ·ï¼å†æŠŠè‡ªå·±çš„ç”Ÿæ´»å’Œåˆ›ä¸šç»å†ä»¥åŠç»éªŒåˆ†äº«ç»™æ¯ä¸€ä½æœ‹å‹ï¼è¯·æœ‹å‹ç•™ä¸‹â€¦â€¦,2023-09-28T14:44:57.000Z,950,36,507,1,81,
FALSE,DataScienceDojo,Data Science Dojo,https://t.co/xSbtUkHXSC,FALSE,"Seattle, WA",1318985240,"We make learning data science and LLMs easy! Join the community of 10,000+ professionals.
#DSDojo",2013-03-31T19:25:57.000Z,183408,969,56554,2364,7235,
FALSE,bilawalsidhu,Bilawal Sidhu,https://t.co/mxHi3roges,FALSE,ğŸ¤ Texas  ğŸª„ Blog/Newsletter â†’,227528138,"Blending Realities ğŸŒğŸŒ Tech, art & product. Ex-@Google Maps & AR/VR. 1.4M+ subs & 360M+ views. Angel investor. TED speaker. à©´. ğŸ”— https://t.co/iQMTRjZXlY",2010-12-17T02:18:04.000Z,45165,4230,12634,1227,27012,
FALSE,SiliconVlyBank,Silicon Valley Bank,https://t.co/YJX6DqdJuz,FALSE,US ,398029430,"Commercial banking partners for investors, innovators and entrepreneurs.

A division of @firstcitizens",2011-10-25T13:46:15.000Z,1694,353,228,31,343,
FALSE,runwayml,Runway,https://t.co/Gz3nLvOLad,TRUE,"New York, USA",1001114465692200960,"An applied AI research company building for the next era of art, entertainment and human creativity. We're hiring: https://t.co/Aj11xyhxOg",2018-05-28T14:54:23.000Z,181475,300,1702,2336,4870,
FALSE,blogsandvideos,interestingblogsandvideos,,FALSE,,1755648196234072064,Add @blogsandvideos to your posts so that we can share your #blogs and #videos here! #bloggers #youtubers,2024-02-08T17:42:22.000Z,31,80,275,0,1930,
FALSE,k33g_org,Ph. CharriÃ¨re - ğŸ’œ #wasm,https://t.co/GoX6A4v8kT,FALSE,He/Him ğŸŒ ,86916604,"ğŸ³ Sr Solutions Architect @Docker
ğŸ¦ŠğŸ¥‘ Former Sr CSE/M @GitLab
â˜¸ï¸ @CivoCloud Ambassador
ğŸ¦¸ Community Hero @gitpod 
ğŸ– My tweets are my own
ğŸ¤“ #OSSGTP",2009-11-02T10:40:59.000Z,9152,4027,95389,520,88026,
FALSE,ollama,ollama,https://t.co/OKPPwyDBBZ,TRUE,"California, USA",1688410127378829312,https://t.co/rx433zDvXt,2023-08-07T04:42:08.000Z,19353,6,1880,279,3249,
FALSE,LangChainAI,LangChain,https://t.co/Sh5ftHbX6A,FALSE,,1589007443853340672,"âš¡ Build context-aware, reasoning applications âš¡",2022-11-05T21:31:18.000Z,124990,24,7414,2046,5909,
FALSE,streamlit,Streamlit,https://t.co/qP3Aah32j4,FALSE,"San Francisco, CA",1012486837384835072,A faster way to build and share data apps.,2018-06-29T00:04:07.000Z,31258,37,3366,525,12242,
FALSE,meteatamel,Mete Atamel,https://t.co/qrCMPGzXES,FALSE,"London, UK",75778654,ğŸ¥‘ Developer Advocate ğŸ’» Software Engineer @Google,2009-09-20T12:38:25.000Z,4464,2134,1773,111,606,
FALSE,GestaltIT,Gestalt IT,https://t.co/yrS2Yu1koF,FALSE,USA,20262641,Organizer of @TechFieldDay & Part of @TheFuturumGroup. Cultivating a network of independent technical experts creatin content for Enterprise IT Companies.,2009-02-06T19:20:02.000Z,4337,498,35569,180,571,
FALSE,NetworkingNerd,Tom Hollingsworth,https://t.co/H7OLynJJH5,FALSE,"Norman, OK",157100804,Organizer for Tech Field Day. CCIE. Scruffy-looking nerd herder. Networking engineer. Independent Network Analyst. Snarky blogger. Nerd.,2010-06-18T21:34:23.000Z,16225,1078,30011,544,309,
FALSE,maxmortillaro,Max Mortillaro,https://t.co/KbpTch1KAH,FALSE,Prague - Czech Republic,1747920960513064960,"Data Infrastructure Industry Analyst | Tech Field Day delegate | Co-Owner at TECHunplugged | Focus: Storage, Data Mgmt/Protection/Privacy, Sustainability.",2024-01-18T09:57:15.000Z,10,62,40,0,54,
FALSE,nginx,NGINX,https://t.co/CJ75IwCCIk,FALSE,San Francisco,995848285,"NGINX, now part of F5, improves the performance, reliability, and security of websites and applications.",2012-12-07T20:50:31.000Z,81669,230,9159,1251,3552,
FALSE,StevenEth26,STEVEN ETH,,FALSE,,1695747124649168896,"ğŸ¸ğŸ¸ğŸ¸ğŸ’¹ğŸ’¹ğŸ’¹ğŸ”¥ğŸ”¥ğŸ”¥ğŸŒğŸŒğŸŒğŸŒğŸŒğŸŒğŸŒ
1000x for sure will come . 
#ETH #BSC $SOL , https://t.co/jYflUY2743",2023-08-27T10:36:47.000Z,2675,120,1328,0,538,
FALSE,marketingking4,Marketing Solutions,https://t.co/sgOuooPic6,FALSE,U.S.A.,17282261,#RealEstate Lead & Conversion Systems #LeadGeneration #Video #Business #Marketing #Realtor #Realty #Digitalmarketing #Entrepreneur #Investor #Commercial #Sales,2008-11-10T06:12:36.000Z,57221,58369,377056,3444,15841,
FALSE,MSFTTelco,Microsoft Telco #5G #AzureForOperators #MWC24,https://t.co/pAYisOmEpI,FALSE,"Redmond, WA",94616097,"The official Twitter account for the Microsoft Telecommunications Industry, with the latest news and updates on the industry and our partners.",2009-12-04T18:54:27.000Z,2257,745,6732,68,11369,
FALSE,WPP,WPP,https://t.co/S5yxeJGQcf,FALSE,London,19186720,"WPP is the creative transformation company. We use the power of creativity to build better futures for our people, planet, clients and communities.",2009-01-19T15:27:35.000Z,129533,835,14055,3717,5760,
FALSE,stratejake,St. Ratej,,FALSE,SF,2355801826,"Techno-Optimist.

Research Engineer @GoogleARVR (x @oculus/@realitylabs).

Physics, EE, Neuro, ML, HCI.

Opinions are my own.",2014-02-21T04:06:02.000Z,3085,645,982,24,6022,
FALSE,Mphasis,Mphasis,https://t.co/YYmotPGWL3,FALSE,"Global (HQ: Bangalore, India)",171827760,Mphasis applies next-generation technology to help enterprises transform businesses globally.,2010-07-28T07:43:25.000Z,10250,528,6817,128,431,
FALSE,OpenExpoEurope,OpenExpo Europe,https://t.co/VAEjPBVZ0d,FALSE,Worldwide,800272760,"The Power of GenAI: Tomorrow's Tech Revolution Today.
11 years bringing the future to you present.
 #OpenExpo2024 .â¡ï¸ 13/06/2024 ğŸš€ La Nave (Madrid) ğŸ“",2012-09-03T12:06:26.000Z,5539,967,17134,275,12705,
FALSE,DonDominio,DonDominio,https://t.co/nfOThNOhwh,FALSE,"Manacor, Mallorca",61206148,"ğŸŒ Encuentra todo lo que necesitas para crear tu Web: Registro de Dominios, Hosting y Certificados SSL.",2009-07-29T14:25:11.000Z,5649,257,5398,93,3183,
FALSE,SocialPilotPro,SocialSphereStrategist,https://t.co/PJhKRmKt61,FALSE,"Ilorin, Nigeria",973118649115529216,"Crafting digital narratives, Social media strategist navigating trends with precision. Let's transform ideas into impact, one click at a time. #SocialMediaPro",2018-03-12T08:49:00.000Z,359,651,1291,1,248,
FALSE,semwebcompany,Semantic Web Company,https://t.co/QTCjtb5b7J,FALSE,EU and U.S.,17189369,"Knowledge graphs, graph-based text mining, smart recommender systems. Open world assumptions! Vendor of PoolParty Semantic Suite (https://t.co/0bE3waYyx0)",2008-11-05T14:35:29.000Z,5105,2078,3523,356,547,
FALSE,ABLVienna,AndreasB,https://t.co/ExDX6COPWS,FALSE,Vienna,6233982,Knowledge technologies & semantic AI to develop an Open Society // CEO of @semwebcompany // Exploring life with heart and brain.,2007-05-22T14:49:33.000Z,332,1609,489,14,386,
FALSE,Skillsoft,Skillsoft,https://t.co/W5Kj3AI1X9,FALSE,"Nashua, NH",31453920,We propel organizations and people to grow together through transformative learning experiences. | Support is available 24/7 at support@skillsoft.com,2009-04-15T16:55:41.000Z,11342,840,17011,509,9836,
FALSE,kreaitorAI,Kreaitor AI,https://t.co/620mdqY4KO,FALSE,,1727817278467784704,Empowering Creators with AI Powered tools !!!! Tg- https://t.co/f1rdpHqjHO,2023-11-23T22:32:16.000Z,2984,15,70,12,482,
FALSE,Jefferies,Jefferies,https://t.co/HgAf3H2DoV,FALSE,"New York, NY",491425942,"Jefferies, the global investment banking firm serving clients for 60 years. Follow us for company news and economic insights.",2012-02-13T16:31:55.000Z,6822,43,669,61,54,
FALSE,gbsfxJpGtc97296,ARTãƒãƒ³,,FALSE,,1727585113888972800,ç”ŸæˆAIè¦åˆ¶ã®å£°ã‚’æŒ™ã’ã‚‹ç”¨ã®æ¨ã¦å¢,2023-11-23T07:09:44.000Z,131,68,5787,2,8487,
FALSE,itigotokinako,è‹ºå¤ãƒ¢ãƒ¢,https://t.co/RFAC2tQ46I,FALSE,,1198061112245157888,ç´°ã€…ã¨çµµæã„ã¦ã¾ã™ğŸ˜„ãƒ•ã‚©ãƒ­ãƒ¼ãƒãƒƒã‚¯ã—ã¦ã»ã—ã„äººã¯ãƒªãƒ—ãƒ©ã‚¤ãã ã•ã„ï½ â€»AIä½¿ç”¨å­¦ç¿’ç¦æ­¢âœï¸ã‚µãƒ–ã‚¢ã‚«ã§AIã«ã¤ã„ã¦è¿½ã£ã¦ã„ã‚‹@nuyokomãƒ•ã‚¡ãƒ³ãƒ†ã‚£ã‚¢â†’https://t.co/BZqjQYWdcBã€€âœ‰é€£çµ¡å…ˆcalcitiris0714ï¼ hotmail.com,2019-11-23T02:11:23.000Z,274,1319,22867,24,60934,
FALSE,NOMORE_genAI_85,æƒ…å ±åé›†ç”¨,https://t.co/Yd4NDkQExA,FALSE,ãƒªãƒ³ã‚¯ã¯ç”»åƒç”ŸæˆAIï¼†ç”Ÿæˆç³»AIå•é¡Œã¾ã¨ã‚wiki,222212017,"#NOMOREç„¡æ–­ç”ŸæˆAI 
æƒ…å ±åé›†ç”¨ã‚¢ã‚«ã‚¦ãƒ³ãƒˆã€‚ã€Œç”ŸæˆAIã«ã‚ˆã‚‹æ¾å–æ§‹é€ ã€ã€Œç”ŸæˆAIã‚’ä½¿ç”¨ã—ãŸæ—¢å­˜ã‚¯ãƒªã‚¨ã‚¤ã‚¿ãƒ¼ã®è²¡ç”£ã‚„ä½œå“ã¸ã®ãƒ•ãƒªãƒ¼ãƒ©ã‚¤ãƒ‰ã€ã€Œå‰µä½œæ–‡åŒ–ã‚„å¸‚å ´ã«ç«¶åˆã™ã‚‹é‹ç”¨ã€ã€Œç ”ç©¶ç›®çš„ã‚’é€¸è„±ã—ãŸç”ŸæˆAIãƒ„ãƒ¼ãƒ«ã®å…¬é–‹ã€ã€Œâ€œç„¡æ–­å­¦ç¿’â€ã®æ‹¡å¤§ã€ã€Œæ¨©åˆ©ãƒ­ãƒ³ãƒ€ãƒªãƒ³ã‚°ã€ã€Œç”ŸæˆAIã®ç„¡ç§©åºãªæ¨é€²ã€ç­‰ã«åå¯¾ã€‚
ã„ã„ã­RTä¸­å¿ƒã®é‹ç”¨",2010-12-02T19:37:40.000Z,85,229,2619,1,4758,
FALSE,Nose_Wooden,Nose Wooden,,FALSE,USA,224026589,Share about crypto and bitcoin,2010-12-07T23:47:03.000Z,1725,35,126,0,0,
FALSE,dawnieando,Dawn Anderson,https://t.co/BadIxBrAMi,FALSE,Manchester,191778246,International SEO Consultant - Managing Director at Bertey,2010-09-17T09:54:26.000Z,23353,2188,60536,1091,63656,
FALSE,Fred_ManeCodex,The_Drinking_Bear_Freddy,,FALSE,,1665523480903794689,Haha I just wanna enjoy my lifeğŸ˜Projects to find me in: $X (admin) $MANE (Mod) $Codex (Community),2023-06-05T00:59:37.000Z,645,741,6302,1,5100,
FALSE,Overdose_AI,OverDose,https://t.co/Fi7UHknKhq,FALSE,Not A Financial Advice,1333533748072165376,"Trying to Analyze #DEFI and low caps #altcoins in the best possible way. 

My Channel: https://t.co/kBDPPtC6f1
My TG: https://t.co/r2Duundox2

Never a financial advice!",2020-11-30T22:10:04.000Z,108349,428,7708,1271,2770,
FALSE,TheManeToken,The Lions Den $MANE,,FALSE,,1262310775437344768,"The $MANE twitter for The Lions Den ğŸ¦ 

Marketing, AMAS, News & Engagement ğŸ”¥

DM to contact for marketing services

https://t.co/4tcCoSMh0N",2020-05-18T09:15:22.000Z,122415,367,3915,109,1548,
FALSE,JonLamArt,Jon Lam #CreateDontScrape,https://t.co/JWp55uCCXV,FALSE,,1156482001,"He/They #CreateDontScrape #StopAsianHate Artist credits: TheLine, Invincible, X-Men, Valorant, ProjectL, Diablo4, Overwatch2,Star Trek Prodigy, and more.",2013-02-07T08:24:52.000Z,17224,1934,5280,155,10418,
FALSE,theomitsa,Dr. Theophano Mitsa â˜¦ï¸ğŸ‡¬ğŸ‡·ğŸ‡ºğŸ‡¸,,FALSE,"Boston, MA",914274290081689601,"Data scientist, Ph.D., Christian, book author, 11 patents. I love the truth. #Medicare4all  #DataScience  #DeepLearning, #machinelearning, #python",2017-09-30T23:42:31.000Z,8754,7762,18117,88,22867,
FALSE,JagersbergKnut,Knut JÃ¤gersberg,https://t.co/ts02VdmLh1,FALSE,"Gronau, Germany",1010498049058201600,"Narrative Intelligence & Cyberpsychology 

@knutjaegersberg@sigmoid.social

https://t.co/xnBUK02hWS",2018-06-23T12:21:23.000Z,5316,4517,70124,103,88478,
FALSE,KevinClarity,Kevin Corella N. ğŸ”¬ğŸ”­ ğŸ‡ªğŸ‡º,https://t.co/MzPY0LMNhj,FALSE,"Madrid, EspaÃ±a",3917217552,#AI /#ML /#QuantumComputing Research & PfMPÂ®. Discovering the game between art of MV noise and optimal action tasks. Telegram ğŸ‘‰ https://t.co/ndlQdkwOR6,2015-10-16T20:12:57.000Z,1856,1582,25280,236,23672,
FALSE,enilev,Eveline Ruehlin,,FALSE,"Washington, DC",130344472,Top Influencer: #Neuroscience #SensorTech #FashionTech #AI #Web3 #Blockchain #AI #VR #AR #Energy #SDGs #EVs #Fusion #decarbonization #5G #Privacy Tweets/My Own,2010-04-07T01:27:23.000Z,13340,6434,106982,171,131368,
FALSE,EstelaMandela,Estela Mandela,,FALSE,"Madrid, Spain ğŸŒ",1202551645470638080,"World Citizen, Healthcare Professional #HealthTech
/Enfermera, dibujo cambios desde #liderazgogestionprofesional+ #dinamicalateral. ğŸŒ
#SubeArte #drawingachange",2019-12-05T11:34:10.000Z,2572,2198,33870,17,62556,
FALSE,RLDI_Lamy,Dr. de l'immatÃ©riel,,FALSE,,297316043,"Lionel Costes, 
RÃ©dacteur en chef
Directeur de collection
Lamy Droit de lâ€™ImmatÃ©riel",2011-05-12T09:31:33.000Z,18000,18644,387473,5134,389014,
FALSE,AchuthaSubhash,achutha subhash,,FALSE,,1260150675922579456,data science,2020-05-12T10:12:03.000Z,182,53,1380,0,90489,
FALSE,bamitav,ğ”¸ğ•ğ•šğ•¥ğ•’ğ•§ ğ”¹ğ•™ğ•’ğ•¥ğ•¥ğ•’ğ•”ğ•™ğ•’ğ•£ğ•›ğ•–ğ•–,https://t.co/fluolW6mQS,FALSE,"Bangalore, India",91608548,CEO @TechAsiaLab @BITspilaniindia Alum | Tweets for #STEM #IT #Stratup #Technology #TechInfluencer -- #ESG #SDG #CSR #sustainability,2009-11-21T16:54:25.000Z,36224,29839,136332,4509,46923,
FALSE,sonu_monika,Dr. Monika Sonu I Founder Healthinnovationtoolbox,https://t.co/H6DgMng7Ot,FALSE,Bangalore,1025638818068590592,"HIMSS Changemaker 2024 #healthequity: https://t.co/0jn3jgtrlb
Doctor+Entrepreneur-#Healthtech #digitalhealth #AI #Innovation #DTx #Wearables #Telemedicine",2018-08-04T07:05:24.000Z,19277,14310,47295,118,46166,
FALSE,TysonLester,"Tyson Lester, ChHCÂ®, REBCÂ®, RHUÂ®",https://t.co/igr4SyBxdM,FALSE,Los Angeles | CA Lic. #0F22799,18424799,President @PolicyAdvantage.com | Insurance and ACA expert. Brand Dev & 4IR Tech. | 3x @TheAmerCol alumâ€” @LivUni MBA Candidate '24. Influencer. Montana grown.,2008-12-28T09:05:15.000Z,90331,89048,13907,626,21860,
FALSE,labordeolivier,Olivier Laborde #Peace ğŸ‡«ğŸ‡·ğŸ‡ªğŸ‡ºğŸ‡ºğŸ‡¦,https://t.co/FVpD2HGeBo,FALSE,"Paris, France",409997594,Tech Evangelist #Web3 #CDO #CMO -Author #Innoveroudisparaitre & #socialcommerce - Columnist @HBRFrance -#FinTech #Intrapreneur - #Rugby #Surf -Tweets are my own,2011-11-11T14:08:17.000Z,23044,1469,86375,1611,105496,
FALSE,fly51fly,fly51fly,https://t.co/YFiax56sJr,FALSE,,22146921,BUPT prof | Sharing latest AI papers & insights  | Join me in embracing the AI revolution! #MachineLearning #AI #Innovation,2009-02-27T14:54:09.000Z,4029,2018,22281,469,76977,
FALSE,YugeTen,Yuge Shi (Jimmy),,FALSE,"London, England",937541436668461056,"çŸ³å®‡æ­Œ Â· Research Scientist @DeepMind Â· Past: PhD at Oxford, intern at Google Brain, FAIR, CSIRO Â· she/her",2017-12-04T04:37:51.000Z,3575,469,560,0,1979,
FALSE,MarwaTechSpot,Marwa Chreif,https://t.co/dQUYTKVo04,FALSE,,416406628,#Marketing & #Brand growth strategist | Creating customer stories | #AI enthusiast | #Oracle exp. #Tech curious | #Community Builder | Personal dev. seeker | ğŸ¹,2011-11-19T16:58:49.000Z,1173,1090,1519,4,3243,
FALSE,GoogleDeepMind,Google DeepMind,https://t.co/uR24kkW95X,TRUE,"London, UK",4783690002,"Weâ€™re a team of scientists, engineers, ethicists and more, committed to solving intelligence, to advance science and benefit humanity.",2016-01-19T13:46:08.000Z,920611,276,2983,10572,1840,
FALSE,Qualcomm,Qualcomm,https://t.co/e6zdo3f3kP,TRUE,"San Diego, CA",84623395,Enabling a world where everyone and everything can be intelligently connected.,2009-10-23T15:55:15.000Z,447875,12026,16894,3531,31494,
FALSE,Verizon,Verizon,https://t.co/dnLqcRU5wb,TRUE,USA,59889953,The Network America Relies On,2009-07-24T21:13:55.000Z,1586420,117,40024,5487,26110,
FALSE,FatmaMahmo65208,Fatma Mahmoud,https://t.co/9IgzGvpn82,FALSE,United States,1695650564883787776,DefenderShield EMF Protection & 5G Anti Radiation iPhone 14 Plus Case - RFID Blocking EMF Shield Detachable Wallet Case and Magnetic Closure (Purple) #Amazon,2023-08-27T04:13:02.000Z,13,111,35,0,62,
FALSE,NIKII_CMT,Niki_CMT,,FALSE,,1675867198001143810,"Crypto lover| Content Creator
ğŸŸ¥ WE MARKET Your BLOCKCHAIN PROJECT
ğŸŸ¥ @c_m_titans1
ğŸŸ¥ #Crypto_Marketing_Titans

ğŸ”¥ https://t.co/xZzGij5GY8",2023-07-03T14:01:23.000Z,2754,4783,54798,3,45394,
FALSE,ladyinbloom_CMT,sakura_CMTğŸŒ¸,https://t.co/E3ZzGWENSd,FALSE,,1655515363428249600,"Crypto Content Creator ğŸŒ¸We are #Crypto_Marketing_Titans ğŸŒ¸Leave your BLOCKCHAIN projects for Marketing to us.https://t.co/bvRlrXYFbN
ğŸ¦@C_M_Titan1",2023-05-08T10:10:42.000Z,799,393,44834,2,43835,
FALSE,nathanbarry,Nathan Barry,https://t.co/rv4mVoHtmm,FALSE,"Boise, Idaho",16930883,Founder & CEO at @ConvertKit â€” the leading Creator Marketing Platform. Grow your audience & earn a living with ConvertKit: https://t.co/qtBLZSqe64,2008-10-23T17:21:43.000Z,128027,1652,24444,2571,18060,
FALSE,zippychain,ZippyChain,,FALSE,"California, US",1636022857145925632,"Zippy Chain, a Layer 1 public blockchain, specifically designed to focus on AI training and applications.
ğŸ”—: https://t.co/nV5dDjPtC1
https://t.co/v2VAE5FR5m",2023-03-15T15:14:47.000Z,151,34,55,0,49,
FALSE,ChrisNPI,NoPassiveIncome,https://t.co/qCUjt8ytdY,FALSE,Europe,558533894,"Take action, build your business. Facebook: https://t.co/ZecRjJsd2x",2012-04-20T11:05:02.000Z,6073,2691,34914,355,352,
FALSE,cagrisarigoz,Cagri Sarigoz,https://t.co/0Qh7DxZ9QL,FALSE,"San Jose, California",75535021,"ğŸ§‘ğŸ»â€ğŸ’»Head of SEO @CitizenShipper. 
ğŸ‹ğŸ»â€â™€ï¸Building @intaleai & https://t.co/SNwPBxpjDn on the side.
ğŸ‘¨â€ğŸ‘©â€ğŸ‘§Husband, father to a baby girl.",2009-09-19T12:02:48.000Z,6685,3556,9860,121,8390,
FALSE,worgit183124,worgit,,FALSE,,1750165081344675840,"AI Productivity Tools & Templates For Transforming Your Business, Sales & Marketing",2024-01-24T14:34:16.000Z,7,0,22,0,0,
FALSE,Gil_Bashe,GIL BASHE,https://t.co/q5zWQmpYR3,FALSE,FINN Global Health & Purpose,101970219,Voice for health innovation and patient care with @finnpartners | @medikalife | @healthtechworld | @HCNowRadio. Championing #biopharma #digitalhealth #ecohealth,2010-01-05T05:37:12.000Z,12880,9536,63406,0,118737,
FALSE,WearablesExpert,"JoÃ£o Bocas,ğŸ—£The Wearables Expert â„¢âŒšï¸",https://t.co/WB9gE0qR3v,FALSE,Global,495032753,ğŸ‡µğŸ‡¹ğŸ‡¬ğŸ‡§ğŸ‡ºğŸ‡¸ I am on a mission to fix Healthcare | Worldâ€™s #1 Digital Health Influencer ğŸ’Š| CEO @DigitalSalutem #DigitalHealth #HealthcareUncomplicated DM me !!,2012-02-17T14:35:27.000Z,24012,23337,36416,731,39077,
FALSE,AndersenLabs,Andersen,https://t.co/HieXLZ7IlP,FALSE,"Warsaw, Poland",852773290229641216,"Andersen, software development company. 

#IT #software #development",2017-04-14T06:39:30.000Z,788,553,494,9,207,
FALSE,TimDraper,Tim Draper,https://t.co/0yq4mFI1FC,FALSE,"Menlo Park, CA",20884310,"Founder of @DFJvc, @drapervc, @Draper_U, @IYS_Org.",2009-02-15T01:07:18.000Z,255848,2380,2816,4015,1157,
FALSE,drapervc,Draper Associates,http://t.co/0yq4mFI1FC,FALSE,"California, USA",3916632674,Early Stage Venture Capital,2015-10-16T18:47:19.000Z,11588,832,167,314,31,
FALSE,otter_ai,Otter.ai (AI Powered Voice Meeting Notes),https://t.co/rv1UrIfPl0,FALSE,"Mountain View, California",961394587150331904,"Put your meeting on OtterPilot.

Check it out: https://t.co/2HNBB9dKuk",2018-02-08T00:21:46.000Z,15079,1766,12346,350,14978,
FALSE,subex,Subex,https://t.co/MHkc2xlbHQ,FALSE,Bangalore,107364486,Pioneers in enabling #DigitalTrust. Over 25 years experience in helping 75% of the largest 50 CSPs globally achieve competitive advantage. Meet Subex at #MWC24!,2010-01-22T09:38:57.000Z,5644,1484,5773,101,1408,
FALSE,Consultancy_uk,Consultancy.uk,http://t.co/sST7sgVlVs,FALSE,London,192894727,"Consultancy.uk presents the latest news in the management consulting industry, market information, interviews with consultants, jobs, internships and more.",2010-09-20T13:06:35.000Z,6385,4293,13401,468,0,
FALSE,B3efy22,Beefy,,FALSE,,1565621241507192832,"â€œBuy $BANK, $CBOT, #DeepMindAIâ€ - Warren Buffet, probably. UK.",2022-09-02T08:42:54.000Z,1791,1214,12045,5,9712,
FALSE,Ledger,Ledger,https://t.co/BhVF5Ms96R,TRUE,"Paris, Vierzon, SG, ZRH, LDN",2652239532,"Want crypto? Get Ledger.

We provide uncompromising self-custody solutions for the revolution of value.

Support: @Ledger_Support",2014-07-16T23:24:15.000Z,619615,240,40931,3495,32761,
FALSE,BharathamJaya,jaya_jaya_bharathamğŸ™ğŸ¼ğŸ¹ğŸ•‰ï¸ğŸ¹ğŸ™ğŸ¼,,FALSE,,1406764656253759490,"Arise, Awake, Assert and Act ! à¤”à¤° à¤µà¥‹ à¤—à¤—à¤¨ à¤ªà¤°, à¤®à¤¹à¤¾ à¤ªà¥à¤°à¤—à¤¤à¤¿ à¤•à¤¾, à¤…à¤¬ à¤¯à¥‡ à¤®à¤‚à¤—à¤² à¤—à¤¾à¤¨ à¤‰à¤ à¤¾ | à¤•à¤°à¤µà¤Ÿ à¤¬à¤¦à¤²à¤¾; à¤…à¤à¤—à¤¡à¤¼à¤¾à¤ˆ à¤²à¥€; à¤¸à¥‹à¤¯à¤¾ à¤¹à¤¿à¤‚à¤¦à¥à¤¸à¥à¤¤à¤¾à¤¨ à¤‰à¤ à¤¾ || Jaya Jaya Bharatham !",2021-06-21T00:03:36.000Z,860,354,24357,2,9787,
FALSE,DivaJain2,Diva Jain,,FALSE,,1221353787656261632,"Developer by day. Writer, probabilist, policy wonk, economics junkie with a focus on markets and finance by love. All views personal.",2020-01-26T08:47:02.000Z,19475,205,6770,153,8885,
FALSE,__sparrk,Rhoda Spark,https://t.co/Axrn4XYjEj,FALSE,Up there in Utopia,1163210508067049479,"Crypto!
I'm all time highğŸ¥‚ || Diving deeper into #Web3 || Content marketing ||
#Oasis  #Flow #iExec",2019-08-18T22:06:27.000Z,1052,1489,6820,2,27475,
FALSE,LinkedIn,LinkedIn,https://t.co/1Ccsai5CQI,TRUE,"Sunnyvale, CA",13058772,"Welcome to a world of career opportunities, advice, inspiration and community. #FindYourIn | Support â†’ @LinkedInHelp",2008-02-04T18:22:01.000Z,1813489,26,19924,0,7398,
FALSE,MewuMeKVi,MeKVi,,FALSE,,1462947560847458311,Human art. With its. Human. Goofiness.,2021-11-23T01:01:13.000Z,163,331,866,4,6232,
FALSE,ethdegen0x,Degen IV,,FALSE,,1659383676998672386,$tao $fi $fact,2023-05-19T02:21:29.000Z,306,142,884,2,3976,
FALSE,MongoDB,MongoDB,https://t.co/ef7Ea2no1x,FALSE,,18080585,A developer data platform for developers to do their best work. #LoveYourDevelopers,2008-12-12T17:21:18.000Z,464230,6459,23705,5664,14940,
FALSE,recoilnd,Anon Ymous,https://t.co/aIsDwMFX5f,FALSE,"Hell aka Tucson,AZ",3041911969,"All images are my own work and available for purchase (DM me)
Recovering addict 2.5 years clean
https://t.co/A95Fmhvr3Q",2015-02-26T00:27:06.000Z,2312,1107,249715,9,245181,
FALSE,ellipsi_music,ellipsi.,https://t.co/JUlvSoZ1zk,FALSE,"Arizona, USA",1215770049018884102,"Creator Success Advocate at Beatstars ğŸ…±ï¸ || Music Producer, Musician, Voice Talent || Content Strategist || Creative Development Specialist and Brand Designer",2020-01-10T22:59:16.000Z,62092,8369,108462,107,125147,
FALSE,Rajeshk7523,Rajesh Kumar,https://t.co/GvCX6VzrYv,FALSE,"New Jersey, United States",1603696902004146176,Learn with me how to Make Money with AI | @Linkedin 55k+ | AI Enthusiast | AI Prompts | Certification | Content Creator | Freelancer | Helping job seekers,2022-12-16T10:22:10.000Z,1845,9,1327,4,2392,
FALSE,DeepmindAI_ETH,Deepmind AI Official,,FALSE,,1520136690618318848,"We are a team of AI experts & crypto traders.  Creating a toolkit to give our users an unfair advantage in the crypto space.

https://t.co/7OhTFFKjpa",2022-04-29T20:23:52.000Z,253,55,48,1,121,
FALSE,McjehDigital,Mcjeh Digital Marketing Agency,https://t.co/fZN9feAtUg,FALSE,"Imo, Nigeria",2225585166,"Elevating SMEs & brands in Nigeria | Digital Marketing | Advertising Agency | Social Media Marketing | Owerri, Imo State | We Promote, You Grow!",2013-12-01T21:04:01.000Z,3019,55,656,30,356,
FALSE,Rosnet_Ai,Rosnet,https://t.co/ZkCYyYDv0a,FALSE,,1747677951234027520,"Decentralised Cloud GPU Ecosystem built on Arbitrum
https://t.co/muwOqSVoMC",2024-01-17T17:51:26.000Z,2434,1,58,17,36,
FALSE,cxocapital,CXO Capital,https://t.co/hYGTJ7H1qV,FALSE,"Dubai, United Arab Emirates",1729106934685691904,"Market intelligence, advisory & consulting services, marketing strategies and bespoke engagements and events for the information and communications technology.",2023-11-27T11:57:08.000Z,1,14,23,0,2,
FALSE,Streetwisejnl,SWJ BREAKING NEWS,http://t.co/vNxxix1JaR,FALSE,United States,2965063214,"Breaking News, Financial News",2015-01-08T04:52:53.000Z,233,54,6859,6,0,
FALSE,bullishbestie,ğŸ‘‘Bulli$hBe$tieğŸ‘‘,,FALSE,Based Be$tie ğŸš€,1623389417552355330,Still here shaking shit up on the blockchain ğŸ˜,2023-02-08T18:33:32.000Z,658,489,8275,1,12525,
FALSE,CryptoThro,CRYPTO THRO,https://t.co/nifCL9NXJa,FALSE,United States,2738087632,#CryptocurrencyNews #Solana #BabyDogeCoin #Ethereum #GEM #LTC #1000x $TSLA #Matric #DroverInu I DONT GIVE FINANCIAL ADVICE,2014-08-09T12:12:36.000Z,101748,199,10326,188,6038,
FALSE,semrush,Semrush,https://t.co/gjHxhWZKhr,FALSE,"Boston, MA",21896072,"Online visibility management SaaS platform that has been used by over 10,000,000 marketers worldwide ğŸ”¥",2009-02-25T18:06:24.000Z,272558,11655,202831,7385,389550,
FALSE,aZen_Dao,aZenDao,https://t.co/csPb8YJWsF,FALSE,zenith,1675383611120553984,"aZen |
AI-Powered |
ğŸ¤ Community Driven |
ğŸ’¸ Turn Your Everyday Social Media Activity into Digital AI Marketing Force 
#Gamefi #Socialfi #Web3 #Dao",2023-07-02T05:59:23.000Z,26718,29,102,2,47,
FALSE,neilpatel,Neil Patel,https://t.co/stTIoC5MqG,FALSE,"Los Angeles, CA",1322691,"Founder of @NPDigital. New York Times bestselling author, Forbes top 10 marketer, and creator of 1 of the 100 most brilliant companies by Entrepreneur Magazine.",2007-03-16T23:56:20.000Z,458430,64,26135,14329,3291,
FALSE,CleverTap,CleverTap,https://t.co/3BlgNGUCUg,FALSE,"Mountain View, CA",3431161163,CleverTap is the all-in-one engagement platform that helps brands unlock limitless customer lifetime value,2015-08-19T07:50:40.000Z,22385,2032,11449,428,7829,
FALSE,Zoomcar_India,Zoomcar,https://t.co/9TqgjXYrBF,FALSE,"Bangalore, India",603880251,"Zoomcar book karo aur #ApniHiSamjho
Choose from 25000+ hosted cars ğŸ‘‰ https://t.co/eUaI6LbNSw",2012-06-09T18:02:47.000Z,21161,5,223157,101,1451,
FALSE,TheDrum,The Drum,https://t.co/ud1MSab1wv,FALSE,"UK, US and APAC",20758087,"The Drum covers modern marketing, agency business, creativity & the future of media. We help marketers make better decisions.",2009-02-13T09:05:45.000Z,228708,2837,217230,6595,11980,
FALSE,mypublicinbox,MyPublicInbox,https://t.co/DZcSAeXItN,FALSE,,1174185820523237378,La plataforma de comunicaciÃ³n e impulso para los perfiles pÃºblicos de la red. Contacta con ellos valorando su tiempo y ten mÃ¡s impacto en Internet.,2019-09-18T04:58:30.000Z,3120,1247,4807,26,2600,
FALSE,RippleRiddler1,Ripple Riddler - Crypto OG,,FALSE,Australia,1060969824522850304,Nothing I post is financial advice. Entertainment purpose only. $XRP #Bitcoin $ETH $WTK #DEFROGS $DGI $QUBIC $DEVVE $OPSEC $CORE $KAS $DNODE,2018-11-09T18:58:12.000Z,15701,1448,1575,104,3148,
FALSE,coreaione,Core AI,,FALSE,,1755030674380136448,"The Future Of Cloud Is Here. $CORE.
Decentralized #SuperCloud For Autonomous AI Tools.
https://t.co/BHQNjquFUi
https://t.co/TKBFSPFSLf
#DePIN #AI",2024-02-07T00:48:25.000Z,3149,1,36,23,7,
FALSE,codex_token,CODEX,https://t.co/q05BRb2VBG,TRUE,Ethereum,1703450155863732224,The future of blockchain is here. https://t.co/Wk0XcQtsgq,2023-09-17T16:46:12.000Z,12290,34,438,7,201,
FALSE,SkySportsF1,Sky Sports F1,https://t.co/rveTyLchrj,TRUE,UK,368276033,The official X account of Sky Sports F1.,2011-09-05T11:16:56.000Z,1941180,128,69236,15096,8411,
FALSE,midjourney,Midjourney,https://t.co/JV8W6anhrX,FALSE,,1307056292465274880,New research lab. Exploring new mediums of thought. Expanding the imaginative powers of the human species. Join our beta:  https://t.co/yAUpCWJRzi,2020-09-18T20:38:07.000Z,329450,0,467,2771,6052,
FALSE,tori29umai,ã¨ã‚Šã«ã@ã‚ªãƒ¼ã‚¯èŒãˆèªã‚Šå¼·åŒ–é€±é–“,https://t.co/zpJoiY7QjA,FALSE,,1919708845,"æˆäººæ¸ˆã€‚ç”·å¥³ã€å¥³å¥³ã€ç”·ç”·å…¨éƒ¨å¥½ãã€‚ã‚²ãƒ¼ãƒ åˆ¶ä½œã€TRPGã€ãƒ¢ãƒ‡ãƒªãƒ³ã‚°ã€VRã€ç”ŸæˆAIã€‚æ˜è¨˜ã—ã¦ãªã„ã‚‚ã®ã¯æ‰‹æ›¸ãã¨AIã®æ··åˆã§ã‚„ã£ã¦ã„ã¾ã™ã€‚ pixivï¼šhttps://t.co/zIePiNBcJ6
æ¬²èŠ‹ï¼šhttps://t.co/S3hO1QSDWD",2013-09-30T10:53:13.000Z,4018,2527,236524,129,456676,
FALSE,MrOverpaid,Hassan | NEW MONEY,https://t.co/ypFzgcy4rP,FALSE,"Dubai, United Arab Emirates",1249353522061156353,multi millionaire,2020-04-12T15:07:52.000Z,106063,562,37106,234,18620,
FALSE,Gemini,Gemini,https://t.co/wngiEuJRoa,TRUE,,2815661158,"The Regulated Crypto Exchange, Est 2014 

Institutional @GeminiInsti Need help? @GeminiSupport",2014-10-08T15:15:57.000Z,489120,3774,9473,4068,22804,['ID']
FALSE,EvanKirstel,ğŸ‡ºğŸ‡¦Evan Kirstel #B2B #TechFluencer,https://t.co/hdwfXuv9ZA,FALSE,"Boston, MA",35203319,"Tech influencer, contentcreator/Industry Expert w/550K Social followers focused on Enterprise ğŸ’» Cloud â˜ï¸5G ğŸ“¡AI ğŸ¤–Telecom â˜ï¸ CX ğŸ”‘ Cyber https://t.co/OtwbCuhoMX",2009-04-25T12:45:16.000Z,361088,322227,1173286,12795,587919,
FALSE,PaulSilva174316,Paul Silva,https://t.co/i77T1i3OSP,FALSE,"West Hollywood, CA",1711933056834060288,www https://t.co/IcSYQfhradâ€¦ https://t.co/5ogHte27XQ https://t.co/vVQcyJtRGC,2023-10-11T02:34:21.000Z,1157,5002,8251,0,2485,
FALSE,brainjotter__,Brain Jotter,https://t.co/U1lWzWb6ab,FALSE,Earth,1488407350352429058,"main Twitter account ,here to make you laugh. parody comendian #AbegGetat",2022-02-01T07:02:37.000Z,1066261,4,15350,99,19515,
FALSE,davido,Davido,https://t.co/anDsKeAGOg,FALSE,"Lagos, Nigeria",192947735,Stream my new album â€˜TIMELESSâ€™ now! â³ Get tour tickets now â¬‡ï¸ğŸ“§ inquiries: davido@dmwhq.com,2010-09-20T15:55:08.000Z,14894321,1094,53696,7297,1361,
FALSE,AmdocsNetworks,Amdocs Networks,https://t.co/icE4s3Uj3Y,FALSE,,174249990,Unlocking new Network Value by enabling the Telco to Platform Transformation,2010-08-03T13:33:03.000Z,3252,2032,10153,154,114,
FALSE,Amdocs,Amdocs,https://t.co/UkqrGOrMCA,TRUE,Global,27068068,"At Amdocs, we help those who build the future to make it AMAZING.",2009-03-27T18:48:13.000Z,16166,3772,32861,823,1675,
FALSE,BeenaParmarET,Beena Parmar,https://t.co/6QZpAY6cWP,FALSE,"Bengaluru, Mumbai",70334861,"Going for clean up, world's in a mess. Journalist with @EconomicTimes: beena.parmar@timesgroup.com. Past bios @vccircle @livemint @moneycontrolcom @businessline",2009-08-31T07:07:04.000Z,1891,1550,18694,29,22364,
FALSE,TCS,Tata Consultancy Services,https://t.co/VaskwRJ40u,TRUE,Worldwide,18929773,"A purpose-led organization that is building a meaningful future through innovation, technology, and collective knowledge.",2009-01-13T05:06:04.000Z,570549,297,19475,1591,3663,
FALSE,SurabhiA_ET,Surabhi Agarwal,https://t.co/RluZIdLzEl,FALSE,"New Delhi, India",75254313,"Technology Editor, The Economic Times. Reach me at surabhi.agarwal@timesgroup.com",2009-09-18T11:08:47.000Z,4268,1193,7391,97,5024,
FALSE,Thecryptolord_,Crypto Lord,https://t.co/mW96t9pdKh,FALSE,,1472258529801216000,Defi expert | Angel Investor | Ambassador | Sub â˜ğŸ½ | $BLOCX $RIO $EXT $RVF $PAAL $DHB $INJ $ASTRA $DEVVE,2021-12-18T17:32:54.000Z,275469,2480,15025,140,22135,
FALSE,BlocksNThoughts,âœ ğ‚ğ«ğ²ğ©ğ­ğ¨ ğ…ğ®ğ§ğğšğ¦ğğ§ğ­ğšğ¥ğ¬ ğŸ“’,https://t.co/FEE9HItfV2,FALSE,The Mountains,958750409232961536,"â–ªï¸ Came for the tech, stayed for the gains
â–ªï¸ Analyst & Investor
â–ªï¸ Straight Shooter
â–ªï¸ Husband & Father
â–ªï¸ Former Prisons Psych NP
â–ªï¸ Expert Behavioral Analyst",2018-01-31T17:14:45.000Z,78065,11782,20146,1199,120623,
FALSE,CryptoZeusYT,Crypto Zeus âš¡,https://t.co/AvcAiN0IHk,FALSE,The Moon,1387715316621348867,"ğŸ’My 100x Gem Formula ğŸ’ğŸ‘‰ https://t.co/4V4Ltrc1it 
FREE CRYPTO ğŸ¤‘ ğŸ‘‰ https://t.co/oGQWsKnX9F
Promo's ğŸš€ DM TG https://t.co/oJ4C9IXBNB
YouTube ğŸ”¥ 70,000+",2021-04-29T10:28:50.000Z,23775,518,5926,53,16106,
FALSE,ftr_investors,The Future Investors,,FALSE,"Noordwijk, Nederland",1607732514591850496,Investing in the winners of the present & the future   ğŸ† The Future Investors Awards ğŸ—£ï¸ Investor Talk       ğŸ¥Š The Stock Battle ğŸ“ˆ Best Bulls,2022-12-27T13:38:10.000Z,13605,274,6707,240,10466,
FALSE,AltGemHunter,ğŸš€ Altcoin Gems ğŸ’,https://t.co/f6waIbIpIj,FALSE,DM FOR PROMO,1360636645989441539,#ALTCOIN Gem Hunter & PromoterğŸ† | DM open for SHILL/PROMO EnquiriesğŸ“ˆğŸ’°NO FINANCIAL ADVICES - DYOR! | Look at $SYS $TET #5IRE $SFUND $ICNX,2021-02-13T17:07:23.000Z,106614,2281,8504,280,20294,
FALSE,SharksCoins,SharksCoins ğŸ¦ˆ Gem Hunter,https://t.co/r0wFNUGgNq,FALSE,Telegram: @SharksCoins,1568227771,ğŸ¦ˆ CRYPTO PROMOTER. #SOL #ETH #BSC #ERC20 âœ¨ ğŸ¦ˆ #Binance @Binance Partner ğŸ’¸ DM FOR PROMO ğŸ‘€ ğŸ“©,2013-07-04T13:26:06.000Z,159225,1133,16599,299,3342,
FALSE,visionstar_aigc,Vision Star #AIGC,https://t.co/DOvymNwuiz,FALSE,,1735955346655760384,,2023-12-16T09:29:54.000Z,35018,43,262,0,2,
FALSE,VentureBeat,VentureBeat,https://t.co/9uTCSisjO8,FALSE,San Francisco + NYC,60642052,Obsessed with covering transformative technology.,2009-07-27T16:34:47.000Z,711127,1557,176671,18156,1826,
FALSE,Emrah53421977,Emrah,,FALSE,,1406044556752195591,"$BTC ğŸ‘‘ $ETH ğŸ† $KAS ğŸ $SHIDO ğŸ’ $SNX ğŸ’¸ $DOT ğŸ’° 
$AZERO âš¡ $GRT  ğŸ«±ğŸ½â€ğŸ«²ğŸ»  $HDN  ğŸ”„ $CELR ğŸŒ‰ ...",2021-06-19T00:22:52.000Z,429,345,6951,12,13191,
FALSE,ShidoGlobal,Shido,https://t.co/9XY7qwubm0,TRUE,Shidoverse,1478483066490433541,"Shido is one of the fastest Layer 1's. EVM and WASM execution. Gasfree function. IBC connected.

Explorer: https://t.co/jrmT2J7Erq
Apps: https://t.co/9XY7qwubm0
Join: https://t.co/Yc8KJhhYK9",2022-01-04T21:47:01.000Z,156577,198,8059,138,7893,
FALSE,davetweetlive,Dave Augustus,https://t.co/noJxI6PJ7y,FALSE,Mostly into a SSH tunnel,466501379,Software Engineer | Guitarist | Physics Enthusiast | Cyber Guy,2012-01-17T13:40:42.000Z,17110,11919,10068,20,4048,
FALSE,DianeKemp1,Professor Diane Kemp,https://t.co/VeC3AfKvW5,FALSE,"Birmingham, UK",300237314,"Professor Broadcast Journalism at BCU, director Sir Lenny Henry Centre for Media Diversity, tweeting in a human capacity.",2011-05-17T12:45:32.000Z,4981,5193,45138,98,110475,
FALSE,BBCWales,BBC Wales ğŸ´ó §ó ¢ó ·ó ¬ó ³ó ¿,https://t.co/ADJOhI9OMj,TRUE,ğŸ´ó §ó ¢ó ·ó ¬ó ³ó ¿,622143,"The best of the @BBC, #MadeInWales â€¢ Cymraeg Â» @BBCCymruFyw â€¢ Corporate Â» @BBCWalesPress â€¢ https://t.co/bgaZPnyqpq â€¢ https://t.co/1AwkACk5hn",2007-01-10T15:39:03.000Z,240328,246,213586,1131,11241,
FALSE,Matt_Walsh,Dr Matt Walsh,https://t.co/C8ew1b25KA,FALSE,"Cardiff, Wales",20512015,Head of @cardiffjomec. @impressreg Standards Code committee. Executive board @bjtc_uk. Trustee @conversationUK. Hacked about a bit @TheTimes @ITN @AJEnglish,2009-02-10T13:13:07.000Z,2747,3405,1298,74,6197,
FALSE,LHC4MD,Sir Lenny Henry Centre for Media Diversity,https://t.co/gcih05mqCz,FALSE,,1415223590224465931,"The Centre is a research body based at Birmingham City University, bringing together media professionals & academics to further understanding of media diversity",2021-07-14T08:17:02.000Z,1486,92,227,0,257,
FALSE,ArteEsEtica,ARTE es Ã‰TICA,https://t.co/7kWbUvRzOT,FALSE,,1627864650611142660,"en Defensa de las AutorÃ­as de habla hispana
ğŸ‘‰ Firma por la regulaciÃ³n de la IA generativa âœï¸  https://t.co/HsXeCwIgM9",2023-02-21T02:56:32.000Z,1816,635,2650,9,5156,
FALSE,LSDinmysoul,LSD.eth,https://t.co/KvbMOWqKRL,FALSE,Mars,1300755369241632769,"Investor â€¢ Dream Chaser â€¢ Manifesting my way to a life of freedom, happiness, and purpose! ğŸ‘ŠTG - https://t.co/88wsPD8fCn â€¢",2020-09-01T11:20:36.000Z,34911,1083,4399,110,6835,
FALSE,MEXC_Official,MEXC,https://t.co/ukfeCgoRrv,TRUE,,978566222282444800,Fastest Listing Speeds and Lowest Transaction Fees in the MarketğŸ”¥ 0% Spot and Futures MAKER fees; 0.01% Futures TAKER fees ğŸ”—https://t.co/KA8fsvYWM6,2018-03-27T09:35:43.000Z,1066950,1531,23443,2945,7070,
FALSE,DeFrogsToken,DeFrogs,https://t.co/QC1XymC7ul,FALSE,Ethereum,1754140867559038976,"A collection of 10,000 DeFrogs enabled by erc404, an experimental token standard on Ethereum.  The 1st ERC404 PFP.

(ERC20 x ERC721)",2024-02-04T13:52:41.000Z,9846,5,99,50,912,
FALSE,web3moe,Moe,https://t.co/H947gaKKWv,FALSE,,320042778,"Crypto Maximalist, Full Time in Crypto since 2013, My Private Group ğŸ’¯ https://t.co/H947gaKKWv",2011-06-19T05:59:42.000Z,63388,348,1136,436,1602,
FALSE,ThePSR,PSR,https://t.co/qkuzxWDA8Q,FALSE,London,2673900829,The Payment Systems Regulator (PSR) is the economic regulator for the payment systems industry in the UK. For specific queries: https://t.co/ApmGebVK7O,2014-07-23T13:42:04.000Z,2326,1193,1548,60,370,
FALSE,stewarttownsend,Stewart Townsend,https://t.co/0HRSknX0Dw,FALSE,"iPhone: 53.852402,-2.220047",14065694,"Co-founder of https://t.co/zdc2DNZBFY - Helping guests get on podcast shows on auto-pilot
CRO https://t.co/H7gnPW1krj
Car lover, flowery shirt lover...",2008-03-01T18:00:10.000Z,4992,1007,55104,634,13429,
FALSE,AltcoinDailyio,Altcoin Daily,https://t.co/9z6yWdi0JL,FALSE,Not Financial Advice,958118843636854784,"ğŸ¥ Follow our YouTube channel for DAILY news & opinion videos! Brothers Aaron & Austin. #Crypto commentators. #Bitcoin, #Ethereum, #NFTs, & #altcoins! ğŸš€",2018-01-29T23:25:08.000Z,1527354,826,30577,5993,73684,
FALSE,bitcoinlfgo,BITCOINLFGÂ®,https://t.co/jEXHVIdWY1,FALSE,Bitcoin,1296337092302139396,"Biggest #Bitcoin News Agency Globally.
some posts are sponsored Nothing posted here is Financial advise .We Dont recommend to Buy any kind of crypto currency.",2020-08-20T06:44:14.000Z,200005,7614,14958,311,12535,
FALSE,XMaximist,MANDO CT,https://t.co/9WE5huf0Z8,FALSE,Dubai,1344614912803426305,WEB3 Guru/Trader/Adviser- $TET $UNO $SDEX $SHIDO $RVF $SIDUS $DHB $SFUND $CSIX $FLOKI $VUZZ | DYOR NFA @Entrepreneur @LAWeekly @khaleejtimes @OKMagazine,2020-12-31T12:02:43.000Z,202150,2447,70900,965,131580,
FALSE,rafatamames,Rafael Tamames ğŸ‡ºğŸ‡¦,https://t.co/vBIfeAaC35,FALSE,"EspaÃ±a, Latam & World",4827221,"Te descubro cÃ³mo aplicar avances tecnolÃ³gicos si eres directivo en el C-Level, en las Ã¡reas de Mark, Comms y Personas. Fundador y Presidente en @Findasense.",2007-04-16T04:08:49.000Z,8864,2519,16458,204,6983,
FALSE,Google,Google,https://t.co/RS3iU873QG,TRUE,"Mountain View, CA",20536157,#HeyGoogle,2009-02-10T19:14:39.000Z,31558984,292,198584,92724,3527,
FALSE,Reuters,Reuters,https://t.co/U9AvHD5r3e,TRUE,Around the world,1652541,"Top and breaking news, pictures and videos from Reuters. For more breaking business news, follow @ReutersBiz. Our new daily podcast is here: https://t.co/KO0QFy0d3a",2007-03-20T17:46:05.000Z,25756376,1238,1118765,137559,733,
FALSE,marcusryder,Marcus Ryder,https://t.co/cOVxuYgfrg,FALSE,UK,14845609,"CEO of @FilmTVCharity, Editor ""Black British Lives Matter"" @FaberBooks, Chair of RADA @RADA_London.",2008-05-20T14:17:58.000Z,14127,2183,25734,120,38657,
FALSE,paulbradshaw,Paul Bradshaw,https://t.co/7mcu9tyQtj,FALSE,"Birmingham, UK",760654,Award-winning data journalist; MA Data Journalism @BCUJournalism https://t.co/pHkEYPmJX0 Books: https://t.co/EysHxk3tFz,2007-02-09T15:42:26.000Z,27728,11798,56521,2483,2079,
FALSE,gladeolie,ARYANÂ®,https://t.co/1PaUcEKvJT,FALSE,cyberspace,54516759,"Just a common man with a scientific temper.
#geek #technosavvy #geopolitics #nature #health #astrophyscics #blogger #fashion

Retweet is not an endorsement.Â®Â©",2009-07-07T11:18:59.000Z,1541,2645,423931,227,25291,
FALSE,onr273,ğŸ‡¹ğŸ‡· onur,,FALSE,,2753973965,,2014-08-29T02:18:51.000Z,241,263,1557,0,8615,
FALSE,ApexStupidity,Asda Official,,FALSE,,3688994482,"Armchair game designer, bad DMC4 player",2015-09-17T19:49:04.000Z,107,238,3425,0,6482,
FALSE,Baroodcrypto,Barood,,FALSE,,1759868863389519872,,2024-02-20T09:13:35.000Z,8,14,242,0,349,
FALSE,proklimatech,ProKlimaTech,https://t.co/le6rguMFQv,FALSE,ğŸ‡®ğŸ‡³ ğŸ‡©ğŸ‡ª,1747327390848823296,â€¢ Design â€¢ Marketing â€¢ Tokenomics â€¢ @Luft_Ott â€¢,2024-01-16T18:38:45.000Z,303,593,3883,0,3282,
FALSE,NandnNor,Nand & Nor,https://t.co/CNPzMjh1SQ,FALSE,Social networks,741344448,"Technology, coding and more from our logical world. #Dev #Tech #AI #ML",2012-08-06T20:11:21.000Z,29850,28448,42647,56,46359,
FALSE,oscarnazhan,Ariff Nazhan,,FALSE,,2246577770,92 explorer,2013-12-15T03:49:35.000Z,928,688,17418,3,8309,
FALSE,lucky2lukii,lucky2lukii ğŸ’™ De.Fi Army,,FALSE,,707717096,"Opis jest nie banalny, chcesz poznaÄ‡ Å¼ycie? nie bÄ…dÅº genialny...:P",2012-07-20T20:05:37.000Z,189,590,598,0,382,
FALSE,inthaphanith,#Minegologo,https://t.co/PpeLv152m7,FALSE,"à¸à¸£à¸¸à¸‡à¹€à¸—à¸à¸¡à¸«à¸²à¸™à¸„à¸£, à¸›à¸£à¸°à¹€à¸—à¸¨à¹„à¸—à¸¢",1497977231108239360,single,2022-02-27T16:49:53.000Z,138,512,2526,2,3730,
FALSE,crypto9761,"Kanchan (ğŸ®,ğŸŸ¢)",,FALSE,Business ,1479447128996941824,House wife,2022-01-07T13:37:56.000Z,192,1877,2790,3,1745,
FALSE,ktirus,Tirus Wanyoike,https://t.co/5JjB29m7G4,FALSE,Kenya,31075589,"When all think alike, then no one is thinking.",2009-04-14T06:48:25.000Z,375,1648,947,0,1794,
FALSE,NErmengild,NerumeGia,https://t.co/sfVFXOQbhg,FALSE,,1589655130366173184,"Akun nulis + fan acc || DIVES FEARNOT DNI || R18 || Mainly Chanjin, Hyunho, Jeongmin, 2min, Hyunsung, and OC || Stay ONLY || 97l|| AKGAE Miyawaki Sakura",2022-11-07T16:25:26.000Z,896,1507,58817,4,60228,
FALSE,CodaxOG,Codax,,FALSE,,1742501768204795904,,2024-01-03T11:03:10.000Z,82,194,715,0,498,
FALSE,SkybuilderArt,Skybuilder / Open for Art trades.,,FALSE,,1176394590544248832,"Hey, the name's Skybuilder, I'm 18 and trying to draw more.

I also accept art trades and commissions if you want either of those.",2019-09-24T07:15:09.000Z,93,365,544,2,30095,
FALSE,leirdal,leirdal,https://t.co/kOQ8UdMCDL,FALSE,"iPhone: 59.913177,10.636465",14942040,Computer nerd and hobby photographer. Generally very curious and friendly,2008-05-29T07:50:54.000Z,406,1036,2176,21,18669,
FALSE,SubiantoWesly,wesly subianto,,FALSE,,1586750462404874240,,2022-10-30T16:03:08.000Z,0,0,286,0,0,
FALSE,SabineVdL,Sabine VanderLinden,https://t.co/e1ycDfZm0B,FALSE,London,25868334,ğŸ”® Activate Innovation Ecosystems | ğŸš€ CEO @AlchemyCrewLtd |ğŸ™ Top 50 Podcast #ScoutingforGrowth |ğŸ’¡Tech Ambassador | #Tech #AI #WomeninTech #FoW #Branding,2009-03-22T19:52:43.000Z,39652,14908,50115,994,43156,
FALSE,Mannu_Manasaa,manasa,,FALSE,,1585214274032500736,,2022-10-26T10:19:27.000Z,15,307,871,0,1083,
FALSE,Futbolovr,FutBoLover,,FALSE,"Rincon,P.R.",262831665,"Soccer, Comics, Movies, Art,Science. Not in that exact order...",2011-03-08T21:14:16.000Z,284,706,81956,15,198645,
FALSE,VenkaT_0929,VenkaT_9,https://t.co/3sYzYv1Oh2,FALSE,SPSR Nellore District,3324711308,"vote for truth..âœŠâœŠâœŠ
janasena..
Indian..ğŸ‡®ğŸ‡³ğŸ‡®ğŸ‡³ğŸ‡®ğŸ‡³",2015-08-22T17:50:00.000Z,207,269,48822,0,90291,
FALSE,Haripriaa,Haripriya Sureban,https://t.co/sp4w0xokqt,FALSE,"Bengaluru, India",1429509101847937024,"I'm mostly glued to my phone watching pointless things. Otherwise, I write stuff for @businessline",2021-08-22T18:21:56.000Z,210,268,117,0,495,
FALSE,chidambara09,Chidambara .ML.,,FALSE,Mysore & ğ—•ğ—˜ğ—¥ğ—Ÿğ—¶ğ—¡*,737142202481016832,"No boundaries â€¢
No Restrictions â€¢
All Tweets â€¢

2 million tweets
â€¢ 476 Times Top 10 influencer â€¢

Big Thx 2
@intel @Pfizer @BoschGlobal

Friends
b happy+healthy",2016-05-30T04:42:51.000Z,12254,0,2500842,4024,6,
FALSE,MarkAbelMugenwa,Mark Abel. M,https://t.co/Tj1eD5Zjnf,FALSE,Rwanda,729347379099521024,"@AfricaTechSMT & @AfricaMoneyDefi BD Manager
Bringing Africa's tech ecosystem together.

Techpreneur.GrowthStrategist 
|Husband| |Saved by Grace|",2016-05-08T16:29:00.000Z,1211,1897,8962,3,23526,
FALSE,ATULKUM33546870,"(ğŸ®,ğŸŸ¢)",https://t.co/rieo4s0QSc,FALSE,Jaipur,1095927886647840768,"(ğŸ®,ğŸŸ¢)",2019-02-14T06:09:04.000Z,350,2962,8934,7,4198,
FALSE,Ismi_Azazel,Brev,,FALSE,,431393905,;),2011-12-08T07:07:20.000Z,277,218,21455,0,13424,
FALSE,0xbilion,0xBillionaire,,FALSE,,1493840346,"âœ¨TRAILBLAZERâœ¨

#SpacesHost Â» @CogniXphere
Ambassador Â» @playCrystalFun | @onunblocked | @tonstars_ | @tonfish_tg 
OG: @tonfish_tg I @tonstars_",2013-06-08T20:39:18.000Z,1389,885,290,0,565,
FALSE,thompsontenor,Allison Thompson,,FALSE,,1661820702729666560,,2023-05-25T19:45:30.000Z,1,21,254,0,9,
FALSE,SWAccelerated,MÃ¶bius (Founder of S.W.A.G.),,FALSE,USA,3376145139,"Organic ğŸ¤£
Cypherpunk
Executed first program on MS-DOS at 8
Cryptography since age 14
Masters in Engineering Mohawk ğŸ
(0) sec surfer",2015-07-14T18:44:40.000Z,4797,3222,23396,47,48842,
FALSE,Aunu_Gem_in_I,Anudrutta,,FALSE,"New Delhi, India",85041805,Not a bot; yet.,2009-10-25T08:48:51.000Z,165,56,6780,2,188,
FALSE,Taq_Jafar,ğŸ‰Taqiyuddin ìíŒŒë¥´ ğŸ‡µğŸ‡¸,https://t.co/6z1Otmz2pw,FALSE,,543553209,"Software Engineer
Learn more.",2012-04-02T14:51:02.000Z,262,454,6176,0,52052,
FALSE,liafatlieve,ğ–¤ğŸ¬ğŸ’™ğŸ©µ,,FALSE,,2186416068,"My Bestfriends SewoonğŸ™‚â˜ºï¸
Hello Yongbok Lee ğŸ˜ ğŸ˜ğŸˆâ€â¬›ğŸ’™ 
I'm Fangirl...

1 Tesalonika 5:18 Mengucap syukurlah dalam segala hal.",2013-11-10T13:52:44.000Z,1009,4983,47150,1,147456,
FALSE,nordicinst,Nordic AI Artificial Intelligence Institute,https://t.co/bHEWm6cqtj,FALSE,Global,837341223694249984,The Global Hub for #ArtificialIntelligence for industries and public organisations (founded in 2015). Director Christian Guttmann @chrisxtg,2017-03-02T16:37:59.000Z,30282,11,32262,657,1234,
FALSE,kt_future,KT_Future,,FALSE,Internet,1744427809093697536,"Into the Future with Crypto, Web 3 and AI",2024-01-08T18:36:19.000Z,80,49,370,0,169,
FALSE,AlbertoEMachado,Alberto E. Machado #CES2024 #SMMW24 #MWC24,https://t.co/bbnITkEKDj,FALSE,EspaÃ±a,314535201,"Top #Influencer #CES2022 #CES2023 #COP26  #MWC22 #DES2022
#HealthTech
#Tech4Good 
#MarketingDigital
#DigitalTransformation
#futureofwork
#ActOnClimate",2011-06-10T12:20:26.000Z,8751,8566,115279,270,143209,
FALSE,mdmasfik20,masfikurrahman,https://t.co/a8iwubUyUn,FALSE,United States,4360946594,"""ğŸš€ Affiliate Marketer | ğŸ’° CPA Expert | ğŸ“ˆ Digital Marketing Enthusiast | Helping businesses thrive online | Let's boost conversions together! ğŸ”¥ #AffiliateMar",2015-11-25T23:54:02.000Z,1033,4954,618,2,83,
FALSE,monish_athni,Monish Athni ğŸŸ¥,,FALSE,,1620657438,,2013-07-25T15:50:31.000Z,35,174,1328,5,1093,
FALSE,ShadowCooperX1,ShadowCooperX1,,FALSE,,1323651890,,2013-04-03T01:57:54.000Z,190,2166,198892,3,78565,
FALSE,dizzyhitman_007,Hank Moody ğŸ´â€â˜ ï¸,https://t.co/j66LyV9DQR,FALSE,212.102.60.16,1322232495543214080,"NatSec & ğŸ‡®ğŸ‡³ Intl. relations |
Energy, commodity |
Market, geopolitics |
Data viz, tableau |
DevOps, html, py, AI |
Moderate conservative |
Pro-Multipolarity |",2020-10-30T17:43:06.000Z,683,4847,16586,0,171806,
FALSE,tradingzeng,B,,FALSE,,1728484133041815552,"Nomad 
$KAI",2023-11-25T18:42:01.000Z,44,192,1614,0,1375,
FALSE,Alan8566422,Afgc,,FALSE,,1476739270345850880,å…³æ³¨Web3å¸¦æ¥çš„å˜é©ä¸æœºé‡,2021-12-31T02:18:27.000Z,125,2057,1830,7,307,
FALSE,Nemagoud,Shivanand,,FALSE,"Pune, India",448123131,"#Maintenance ğŸ› ğŸ’¡âš—âš¡
#Exective ğŸ”§ğŸ”¨ğŸ›ğŸ”‹ğŸ”Œ
#Son ğŸ§‘
#Father ğŸ‘©
#Husband ğŸ‘¨",2011-12-27T17:01:18.000Z,422,913,68376,1,29883,
FALSE,zxmr1x4WxHrBEWI,å¤©ç‹—,,FALSE,,1055780582393671680,,2018-10-26T11:18:01.000Z,402,4923,94812,2,740072,
FALSE,KofoAregbesola,KofoworolaAregbesola,https://t.co/Ifw7HvMDjS,FALSE,World,2729348017,"Actress, Fine Artist, Producer, Owner and the C.E.O of DIctakof Films. Love #tech, #politics, #careers posts but hate racists and incompetent leaders.",2014-08-13T12:21:51.000Z,1280,1561,91010,223,112141,
FALSE,0618toto,ao,,FALSE,,749155162904604672,æƒ…å ±åé›†ç”¨ã§ã™ã€‚ ã§ãã‚Œã°ãƒ–ãƒ­ãƒƒã‚¯ã—ãªã„ã§ãã ã•ã„ãªã€‚åŸºæœ¬ã†ã‚‹ã•ã„ã§ã™ã€‚ã‚ã¨ç§ã¯å¤‰æ…‹ã§ã™ã€æœ¬å½“ã«æ°—ã‚’ä»˜ã‘ã¦ãã ã•ã„ã­ã€‚ç¾©å‹™ãƒ»ãƒŸãƒ¥ãƒ¼ãƒˆãƒ•ã‚©ãƒ­ãƒ¼ä¸è¦ã€‚å¤©å®‰é–€ã€‚,2016-07-02T08:18:04.000Z,191,3728,62765,2,100917,
FALSE,Jozzzzzy179589,Jozzzzzy,,FALSE,,1707028597884518400,,2023-09-27T13:45:16.000Z,69,162,103,0,18,
FALSE,0x_Bullish,Marco,,FALSE,"Coblong, Indonesia",1711313712219668480,Plagiat is never flat,2023-10-09T09:33:11.000Z,159,2545,9692,0,7430,
FALSE,JTits1707,JTits1707,,FALSE,,1693685643346411520,,2023-08-21T18:07:07.000Z,137,703,906,0,431,
FALSE,BentkeyApp,BentKey.app,https://t.co/cR04Vreeme,FALSE,uk,1342668292087980032,#BentKey #BentKeyApp,2020-12-26T03:07:34.000Z,29,30,7751,1,3638,
FALSE,morioka,Yasuhiro Morioka,,FALSE,,9099062,a man,2007-09-26T01:18:24.000Z,1149,1379,295372,175,411332,
FALSE,Jeni1424158,Jeni,,FALSE,,1752464570646478848,,2024-01-30T22:53:22.000Z,87,110,492,0,164,
FALSE,ksire663,ksire,,FALSE,,1761329382646575104,,2024-02-24T09:57:15.000Z,7,10,25,0,11,
FALSE,gusion1501,guss,,FALSE,,1746625052429475840,,2024-01-14T20:07:29.000Z,6,23,77,0,38,
FALSE,abez_hassan,hunter-X,,FALSE,,2206093247,"Critical thinker....(Networking/network security} informatics academy.. Web3.0 gonna change the world.. Dm for promotion

HALA MADRIDğŸ’“",2013-12-03T15:53:29.000Z,378,1106,5725,1,2821,
FALSE,emuti1,ãˆã‚€ã¡=1/8192,https://t.co/JyY9q5yNGB,FALSE,ã²ã‚‡ãƒ¼ã”,238574438,è¿‘é ƒãªã‚“ã ã‹é ­ãŒè–„ããªã£ã¦ããŸãŠã£ã•ã‚“ã§ã™ã€‚è…¹ã‚‚å‡ºã¦ããŸã€‚ ãŸã¾ã«çµµã‚’æã„ãŸã‚Šã—ã¾ã™ã€‚ ãŠã£ã±ã„ãŒå¥½ãã§ã™ã€‚è‹±é›„ã‚¯ãƒ­ãƒ‹ã‚¯ãƒ«mixié¯–ã§ã ã‚‰ã ã‚‰ã‚„ã£ã¦ã¾ã™ã€‚éƒ¨éšŠåã¯ç•°èé­”è¡“è’é›†æ‰€ï¼ˆ15eiï¼‰ã€‚ã‚ã¨ã¯FGOã€ã‚°ãƒ©ãƒ–ãƒ«ã¨ã‹ã€‚äººå¤–ã‚¯ãƒ©ãƒ³çŠ¬é­”äººãƒ•ã‚¡ãƒŸãƒªãƒ¼ã®ä¸€å“¡ã€‚,2011-01-15T14:00:59.000Z,474,395,416013,29,131414,
FALSE,ShibariumBull,SHIB ARMY,https://t.co/CX5egyRQky,FALSE,,107474787,SHIB holding to $1 ğŸ”¥ğŸš€. Crypto influencer . #DM for Promotion.  #BSC #BSCgem #ERCgem #Sol #NFT promoter  $SShib $CATMAN Crypto developing agency #ShibaKeanu,2010-01-22T17:43:14.000Z,347482,14202,29125,614,22510,
FALSE,SilvanaExc22844,Silvana Excellent,,FALSE,,1761308765402587136,,2024-02-24T08:36:05.000Z,19,0,467,0,0,
FALSE,Crypto_Experttt,CRYPTO EXPERT,,FALSE,,1741342427644850176,#Crypto Marketing ExpertsğŸ“ˆğŸ“ˆ Threader Looking for 10X_100x |$Gem finder #NFA|#DYOR DM open for #promotion ğŸ’°@pharongame #AVALANCHE # ETH #SOL #BNBğŸ’²,2023-12-31T06:16:56.000Z,16883,3933,6445,0,5849,
FALSE,trxnol1,Trx Nol,,FALSE,,1749120434216566784,,2024-01-21T17:23:19.000Z,11,24,48,0,19,
FALSE,tamaw8604,wahyu tama,,FALSE,,1713743058305769472,,2023-10-16T02:26:24.000Z,17,44,85,0,30,
FALSE,wahyypp45,Wahyu Pratama,,FALSE,,1608836047986896896,,2022-12-30T14:43:12.000Z,80,187,281,0,19,
FALSE,zona6137,Randi Muhammad | GMEXCHANGE 146860,,FALSE,,1713751452823547904,,2023-10-16T02:59:33.000Z,9,45,82,0,32,
FALSE,angga_seb,Angga Seb,,FALSE,,1713750771349786624,,2023-10-16T02:56:53.000Z,20,51,94,0,32,
FALSE,DeFiNaviga64330,DeFiNavigator152.dot,,FALSE,"Stellar Square, Tokyo, Japan",1722726538053914624,ğŸš€ Investing in Crypto's Future | Embracing #DeFi | Advocating for a #DecentralizedFuture | Striving for #FinancialFreedom.,2023-11-09T21:23:10.000Z,5,19,22,0,132,
FALSE,Feltics_uf,Feltics,https://t.co/lUcO8r1RVN,FALSE,,75449084,ğŸ¥ğŸ™ğŸ´â€â˜ ï¸ğŸ‘¯â€â™€ï¸ğŸŒ¸â›„ä¹³ã¨è…¹ã‚’å¥½ãå‹æ‰‹ã«ç››ã£ã¦æãäºº Pixiv: https://t.co/hHbkGFfyJD dA: https://t.co/UpmcWJFOq9 ãŠé¡Œç®±: https://t.co/IlR2l9g8tJ,2009-09-19T02:21:04.000Z,1035,4979,286289,16,264326,
FALSE,Blockchain63739,Blockchain Baller |ğŸ¹,,FALSE,,1727508957147668480,,2023-11-23T02:07:17.000Z,1,0,2176,0,0,
FALSE,jarboys,Jarboys Outdoors & Marine Supplies,https://t.co/PbbVB3jJkX,FALSE,New Jersey,2344050613,"An online retailer providing competitive prices on a wide selection of marine electronics, equipments and watersports supplies.
(888) 510-7991
10-5 PM EST M-F",2014-02-14T19:55:59.000Z,425,936,1910,1,1157,
FALSE,architect_pub,architect.pub,https://t.co/9z6dZBJ4XE,FALSE,Beijing,109813602,"Consulting Architect . Focus on#EA , #AI, #ML,#BigData,#IoT,#Data,#NLP,  #Cloud, #DS,#Security, #AppDev ,#K8s #MSA #DevOpS ex-IBMer",2010-01-30T10:34:30.000Z,7405,1935,28071,602,278,
FALSE,MutiAldi16172,Aldi Muti,,FALSE,,1756236363584933888,,2024-02-10T08:39:27.000Z,5,15,30,0,12,
FALSE,hdhahri316,HASAN DHAHRI,,FALSE,,1761324607938977792,,2024-02-24T09:38:25.000Z,5,7,16,0,7,
FALSE,trianap010,triana pratiwi,,FALSE,,1761325306496077824,,2024-02-24T09:41:08.000Z,6,7,16,0,7,
FALSE,TupolovK,Tupolov,https://t.co/yhl5xcb95u,FALSE,,2653204398,"Hobbyist software developer, Arma modder, VR, Unity, fight, flight, race fan.",2014-07-17T08:33:03.000Z,592,323,3138,7,2133,
FALSE,davidjmaireles,David JimÃ©nez Maireles,https://t.co/pg15UAaGYU,FALSE,ğŸ‡ªğŸ‡¸ğŸ‡ºğŸ‡¸ğŸ‡¬ğŸ‡§ğŸ‡©ğŸ‡ªğŸ‡»ğŸ‡³ğŸ‡¸ğŸ‡¦â€¦ ?,1355369503,Building and scaling up #digitalbanks and #Fintech | Embedding #banking into lifestyle #CX | Designing #products customers love | Promoting #FinancialInclusion,2013-04-15T21:12:28.000Z,7318,2365,22422,1108,5616,
FALSE,agustinfamela2,famela agustin,,FALSE,,1761325803831488512,,2024-02-24T09:43:02.000Z,2,8,17,0,8,
FALSE,gs3265078,Gunawan saputra,,FALSE,,1761326794073157632,,2024-02-24T09:47:04.000Z,5,7,16,0,7,
FALSE,antmatrosov,Anton Matrosov,https://t.co/6FDFyvqiF8,FALSE,"Dubai, UAE",1642573995584135168,"PlayCanvas, WebGL, Midjourney, Gamedev, VR & AR",2023-04-02T17:05:46.000Z,25,53,75,1,85,
FALSE,MisionaszElmet,Krzysztof WoÅºniak ğŸ‰,,FALSE,Celestial Land,1740816840463450112,Spiritual abilities,2023-12-29T19:29:09.000Z,72,116,191,0,93,
FALSE,backupmyspare,Backup my spare,https://t.co/cr0Aryuh1b,FALSE,127.0.0.1,1477206974949474304,"Olivier #adminsys windows et Linux #geek #homelab fan addict #RaspberryPi #miniPC single board computer et des arbres les oliviers ""Olea europaea""",2022-01-01T09:16:20.000Z,782,996,17760,8,22387,
FALSE,CodementorJS,Tuyen Nguyen,https://t.co/T7RlrPCq5K,FALSE,Australia,1107045380569468928,"Tech Food Ordering Kitchen Display System Restaurant POS Consultant, Chef, iOS React Flutter Python AI IoT social media security privacy pharma",2019-03-16T22:26:01.000Z,271,758,28353,6,139,
FALSE,glaforge,Guillaume Laforge â€” @glaforge@uwyn.net,https://t.co/LJC9gHpSyu,FALSE,"Paris, France",14441858,"ğŸ¥‘ Developer Advocate at @GoogleCloud
â­ï¸ @ApacheGroovy programming language co-founder 
ğŸ† @java_champions
ğŸ“£ @lescastcodeurs podcast
ğŸ˜ @glaforge@uwyn.net",2008-04-19T09:10:53.000Z,16211,1948,47261,954,17620,
FALSE,DJGizmo313,DJGizmo313,,FALSE,,61682899,,2009-07-31T03:43:22.000Z,2969,3999,39202,6,64457,
FALSE,southland_k,ğŸ›¸,,FALSE,,2565272879,,2014-05-26T13:23:18.000Z,86,646,353,1,2615,
FALSE,CryptoShark26,Crypto Shark,,FALSE,,1758002155800449024,"Any Degen is Bullish.
Crypto Lover.",2024-02-15T05:36:01.000Z,2,5,256,0,99,
FALSE,tacaxima,UrurraÃ§Ã£,,FALSE,Vagando,1026282399511064576,ğ™¸ ğšŒğšŠğš— ğšğšŠğš•ğš” ğšŠğš‹ğš˜ğšğš ğš„ğš›ğšğš‘ğšŠ ğšŠğš•ğš• ğšğšŠğš¢ ğš•ğš˜ğš—ğšğŸ«° ğŸ‡§ğŸ‡·ğŸ‡¬ğŸ‡§ğŸ‡ªğŸ‡¸ currently learning æ—¥æœ¬èª,2018-08-06T01:42:46.000Z,390,434,22795,3,10716,
FALSE,Joy_of_Joy,Joy t'amie,https://t.co/a7Iw6CmoOH,FALSE,in Hell most likely,3155315098,TOTALLY Profesh ğŸ˜|24|She/Her|Artist| banner ğŸ¨ @ceejinary Pfp ğŸ¨@TanukiShoot ğŸ’¯ğŸ’¯STREAM BEEP BEEP BOOP OUT NOWğŸ’¯ğŸ’¯,2015-04-11T06:11:22.000Z,761,686,23710,2,145109,
FALSE,tomkornblit,Tom Kornblit,https://t.co/exKWyUb1fW,FALSE,,273239400,Lead Gen on X â¡ï¸ Revenue via Threads ğŸ¦¾ Book Now ğŸ”½,2011-03-28T03:09:30.000Z,24712,580,16754,470,16030,
FALSE,EdwardKens50830,Edward Kensington,,FALSE,London,1650086367844524032,"Software engineer building elegant solutions. Constantly learning new tech to create smarter software. Lover of coffee, coding, and collaborating.",2023-04-23T10:37:08.000Z,1755,287,72881,10,5571,
FALSE,GoogleCloud_UKI,Google Cloud UK & Ireland,,TRUE,,936023434919677952,"Welcome to the Official Google Cloud UK/I Twitter page! Find out how computing power delivered everywhere, for everyone, is transforming business.",2017-11-30T00:05:52.000Z,12770,347,4976,119,3413,
FALSE,AngelCryptoET,Angel,,FALSE,,1757382147453947904,Degening on Crypto is my life.,2024-02-13T12:32:18.000Z,2,7,268,0,103,
FALSE,agezzzie,Believe the hype!,https://t.co/IEQDwxjmVA,FALSE,There & back againâ€¦,1687064386324549632,#MUFCğŸ‘º /Filmmaker /Digital marketer /Storyteller | Product & Project Manager (PMi Cert in view) | Content generator,2023-08-03T11:35:12.000Z,2051,2023,17932,1,9235,
FALSE,INemmed,Ivan Nemmed ğŸ‡¨ğŸ‡± - @ivannemmed.bsky.social,https://t.co/3AxRBA2D74,FALSE,Chile,1058063563204501504,"Chilean ğŸ‡¨ğŸ‡±. NSFW Fantasy illustrator since 1999.  Mutant girls. Heels lover.  This page is for people 18+ #SupportHumanArtists, #TeamHuman #NoAI #EnContra",2018-11-01T18:29:46.000Z,1993,2073,36810,13,43199,
FALSE,themaintitan,Titan,,FALSE,,1727702029596848128,1000x Detector,2023-11-23T14:54:00.000Z,14,28,1974,0,1916,
FALSE,shuvogr,Shuvo G. Roy,,FALSE,London,15450538,"A Socialist soul trapped somewhere, I have almost given up on my First Serves and struggled with basic stuff like transitioning from Bm to E7 !!",2008-07-16T04:38:32.000Z,19,132,113,0,58,
FALSE,eth_eugine,Eugine Eth,,FALSE,,1756879242938478592,Sol Chain bullish ğŸ«‚ğŸ«‚ğŸ‘©â€ğŸ‘©â€ğŸ‘¦ğŸ‘©â€ğŸ‘©â€ğŸ‘§ğŸ‘¨â€ğŸ‘§â€ğŸ‘§ğŸ‘¨â€ğŸ‘§â€ğŸ‘¦ğŸ—£ï¸ğŸ‘©â€ğŸ‘§â€ğŸ‘¦,2024-02-12T03:14:01.000Z,16,17,371,0,148,
FALSE,erdnax78ela,Alex,,FALSE,Algarve,1759306724966543360,crypto lover,2024-02-18T20:00:06.000Z,168,208,1317,0,813,
FALSE,khunaaguero,val,,FALSE,,1526580434695401472,hiatus genshin dulu,2022-05-17T15:08:51.000Z,31,349,15367,0,173338,
FALSE,pacoestrada77,paco estrada,,FALSE,,301559050,,2011-05-19T17:35:09.000Z,827,1282,3909,26,1392,
FALSE,Alghorhythm,á»ŒlÃ ,,FALSE,"Ibadan, Nigeria",1746784720954732544,let's get entertained,2024-01-15T06:42:35.000Z,40,26,718,0,148,
FALSE,PoolParty_Team,PoolParty,https://t.co/dBIYWIJoum,FALSE,USA & Europe,85295176,"Graph-based Text Mining and Data Integration. Semantic Middleware. Benefit from semantic search and analysis, precise recommender engines and linked data!",2009-10-26T11:46:40.000Z,1849,768,1850,112,411,
FALSE,EdTechIH,EDTech Innovation Hub,https://t.co/vzle0k2HhQ,FALSE,,1747636550102286336,"Your go-to source for the latest in educational technology. At ETIH, we provide comprehensive news and resources to empower educators. #EDTech #Edutwitter",2024-01-17T15:06:59.000Z,243,266,109,2,61,
FALSE,_zulfikar_rn,ä¸æ˜¯ç¿»è¯‘,,FALSE,,826794224,ä½ æœ‰ä»€ä¹ˆäº‹å„¿ï¼Œæˆ‘ä¸ç®¡,2012-09-16T09:10:28.000Z,438,442,32134,0,51954,
FALSE,RenoAIETH,Reno,,FALSE,,1756882187209920512,AI will be very bullish soon.ğŸ¤–ğŸ¤–ğŸ¤–ğŸ¤–ğŸ¤–ğŸ¤–ğŸ¤–ğŸ¤–ğŸ¤–ğŸ¤–ğŸ¤–ğŸ¤–ğŸ¤–ğŸ¤–ğŸ¤–ğŸ¤–ğŸ¤–ğŸ¤–ğŸ¤–ğŸ¤–ğŸ¤–ğŸ¤–ğŸ¤–ğŸ¤–ğŸ¤–ğŸ¤–ğŸ¤–ğŸ¤–ğŸ¤–ğŸ¤–ğŸ¤–ğŸ¤–ğŸ¤–ğŸ¤–ğŸ¤–ğŸ¤–ğŸ¤–ğŸ¤–,2024-02-12T03:25:42.000Z,4,25,354,0,135,
FALSE,DiegoLder1,Diego LÃ­der,https://t.co/RgEOLrILPd,FALSE,"Linares, EspaÃ±a",988341318572236800,"Ilustrador y diseÃ±ador de personajes. 
Perfil secundario ğŸ˜ˆ @DieSayRun
ComisionesâŒCerradas",2018-04-23T08:58:27.000Z,118,500,1972,1,31648,
FALSE,RatchazeInferno,Sneaselkin ğŸ‡¯ğŸ‡´ğŸ³ï¸â€âš§ï¸(He/She/Xe) #FreePalestine,https://t.co/ipW5glmu9o,FALSE,"Wales, United Kingdom",2346975594,â™ï¸/ğŸ´ó §ó ¢ó ·ó ¬ó ³ó ¿/âœï¸/Bigender /24/Autistic/ArofluxPan/BIPOC Ally/Aspiring Artist and Animator/Any Pronouns Banner by @CCAbecedario Sneasel for Palestine!,2014-02-16T14:58:46.000Z,296,849,251665,2,286887,
FALSE,Omkar_Raii,Dr.Omkar Rai,https://t.co/ZfcRMTBgmP,FALSE,New Delhi,2923411356,"Executive Chairman, @Startup_Odisha. Ex DG, @STPIINDIA, MeitY. Technocrat & IT/ITES Policy Maker. PhD (Stats), BHU. RTs are not endorsements.Views are personal.",2014-12-09T04:51:08.000Z,21434,1550,39412,220,99543,
FALSE,webdesigner_mr,ãˆã‚Š@webãƒ‡ã‚¶ã‚¤ãƒŠãƒ¼,,FALSE,,791674618473885696,"å¥³å­ãƒãƒ¬ãƒ¼ãŒå¥½ãã§ã™ã€‚ Vãƒªãƒ¼ã‚°ã¯å²¡å±±ã‚·ãƒ¼ã‚¬ãƒ«ã‚ºã€‚ä»£è¡¨ã¯ç”·å¥³ã¨ã‚‚ã«å¿œæ´ã€‚
#NOMOREç„¡æ–­ç”ŸæˆAI",2016-10-27T16:15:12.000Z,1847,1477,54137,21,44447,
FALSE,profeta2070,@OProfeta,,FALSE,,1544191975,fgh,2013-06-24T21:39:02.000Z,728,1232,543,0,1012,
FALSE,kai_dai20905,é±¼é±¼é±¼æ¥å’¯ğŸš€MATR1XCoin,,FALSE,,1711368235663450112,hello,2023-10-09T13:09:37.000Z,38,353,80,0,47,
FALSE,Kerberrage,Kerberrage,https://t.co/svgycFAob1,FALSE,Austria ğŸ‡¦ğŸ‡¹ğŸ‡ªğŸ‡º,2957570446,"What are we in life but a whisper, enjoy the memory of it while we can, there will be no encore.",2015-01-02T23:34:12.000Z,75,983,1705,2,26315,
FALSE,RoswatiAni,Ani Roswati,,FALSE,,1687653459666104320,,2023-08-05T02:35:37.000Z,34,161,260,0,92,
FALSE,xwsZERO,Ã† _,,FALSE,,1755547457688150016,"I am a user who shares my interests and visits interesting sites, posts, etc....",2024-02-08T11:02:02.000Z,119,22,161,0,71,
FALSE,tttttttttsasddy,ãã®ã²ã¨,,FALSE,,341382353,ä½•ã‹ã—ã‚‰ã®ã‚¢ã‚«ã‚¦ãƒ³ãƒˆ,2011-07-24T08:21:25.000Z,487,2133,31831,12,57650,
FALSE,Salmi143126,Salmi,,FALSE,,1734293807179669504,Kawai neko Chan,2023-12-11T19:27:31.000Z,3,38,69,0,33,
FALSE,leon_shikder3,Leon Shikder,,FALSE,,1574348598493425664,"Enam Nursing College

Diploma in nursing science & midwifery",2022-09-26T10:42:36.000Z,16,631,1184,3,621,
FALSE,cyberandy,Andrea Volpini,https://t.co/xiokNEZAcK,FALSE,"Rome, Italy",11282,One of the better-known cyberandy. Passionate about #SEO and #ML I am co-founder and CEO of WordLift and insideout10.,2006-11-01T22:55:48.000Z,4946,2394,16645,253,32243,
FALSE,Entertainm54449,Entertainment Pro,,FALSE,,1733610497256390656,Bull run 2024 ğŸ”¥ğŸš€,2023-12-09T22:12:38.000Z,84,317,262,0,96,
FALSE,96Nargis,Nargis Macdi,,FALSE,,1673669908289159168,,2023-06-27T12:29:59.000Z,62,142,1369,0,2259,
FALSE,crypt_archangel,Crypto Archangel,,FALSE,Moon,1338062287798677504,"Crypto enthusiast trying to help people!

@Realio_Network early investor!

#KIBAKREW member!",2020-12-13T10:04:58.000Z,1865,2831,67526,8,65461,
FALSE,philippelardy,Philippe LARDY,https://t.co/z1shSrk0tZ,FALSE,Spain,70363818,"ğŸ¤© @OpenExpoEurope Innovation, Digital, OpenSource ğŸš€@MyPublicInbox  ğŸ‰ğŸ›©ğŸ | ğŸ‡ªğŸ‡¸ğŸ‡«ğŸ‡·ğŸ‡¬ğŸ‡§ğŸ‡¬",2009-08-31T10:44:04.000Z,739,184,4496,59,5812,
FALSE,CienciaxPueblo,Apoyo mutuo en el sector cientÃ­fico,,FALSE,Madrid,2362341571,"No hay Planeta B. Apoyo mutuo desde la ciencia. #BoicotIsrael #PalestinaLibre

There is no Planet B. Mutual support from science. #BoycottIsrael #FreePalestine",2014-02-26T08:01:36.000Z,5600,5727,109373,159,32204,
FALSE,Shadzte,Shadz,,FALSE,Canada,445812564,"I'm just a person who likes to play video games, especially RPGs.

100% Anti En-eff-tees (This will ALWAYS be Twitter!)",2011-12-24T22:33:51.000Z,93,107,34379,2,52870,
FALSE,charliehahahaha,dreamer,,FALSE,netherlands,1418272008,I love everyone who likes music doesn't matter what kind i love them all,2013-05-10T14:48:22.000Z,321,215,9987,1,10318,
FALSE,hafidhsoekma,Hafidh Soekma Ardiansyah,https://t.co/im9NRAetFE,FALSE,"Pasuruan, Indonesia",743020727226519552,Artificial Intelligence Enthusiast ğŸ¤–,2016-06-15T10:02:01.000Z,139,414,12190,1,29911,
FALSE,morpheus02_sol,$Morpheus.sol,,FALSE,,1714921674813100032,Seeking interesting ventures,2023-10-19T08:29:30.000Z,19,56,161,0,106,
FALSE,fouriergalois,Î©.KendrickPlumard,,FALSE,France,3362930975,"aim higher, do it faster.",2015-07-06T19:31:37.000Z,315,838,19432,4,25337,
FALSE,Start_Sister,Sarah,,FALSE,West Midlands & London,204912699,"Foodie, mama, marketer. Head of Brand @webbsgc #brandbuilding #marketer",2010-10-19T18:55:37.000Z,310,375,863,13,462,
FALSE,EuginaJordan,Eugina Jordan,https://t.co/uCWqw1jVwt,FALSE,,2612168150,"CMO for TelecomInfraProject I Speaker I Author ""UNLIMITED"" I WINNER GLOMO DIversity4Tech I  #womenintech",2014-07-08T18:59:06.000Z,880,465,5931,36,5194,
FALSE,favourite131,Favour_CMT,,FALSE,,1745765096171663360,"Crypto Investor| Content Creator
ğŸ›‘WE MARKET Your BLOCKCHAIN PROJECT
ğŸ›‘ @c_m_titans1

ğŸ›‘ https://t.co/aDxirY0MEb",2024-01-12T11:10:26.000Z,777,998,4108,0,3746,
FALSE,MrRevOps,Tony Fenix,https://t.co/Lqxx41s909,FALSE,"Miami, FL",138987961,CRO of Cloudtask LLC a Marketplace for Buyers and Sellers for B2B SaaS companies to hire top SDR/Sales talent in Latin America,2010-05-01T06:13:29.000Z,512,479,14729,32,8883,
FALSE,xun_shi7000,é‚¢æ—¶å‹‹,,FALSE,,1762051571981135872,,2024-02-26T09:47:05.000Z,2,2,315,0,315,
FALSE,MyGateApp,MyGateApp,https://t.co/s23UKAaDnL,FALSE,,1342042220283588608,#MyGate #MyGateApp,2020-12-24T09:39:46.000Z,44,31,8911,3,3652,
FALSE,MitziCalamba,Mitzi Calamba,,FALSE,,1688972463110283264,,2023-08-08T17:56:45.000Z,1,2,551,0,253,
FALSE,GSMAPolicy,GSMA Public Policy,https://t.co/rNP0pQhoZP,TRUE,"London, England",357586500,"Our mission is to advance policy and regulation that enables a safe, sustainable and innovative mobile sector for all.",2011-08-18T16:05:40.000Z,4308,1441,5247,153,1581,
FALSE,miguelnui,Miguel Nui,https://t.co/nDKdiK9Upp,FALSE,"Valencia, EspaÃ±a",90442421,Head of Digital & Partner at @DigitalSalutem #digitalhealth #digitaltransformation,2009-11-16T17:40:43.000Z,804,859,10791,78,6661,
FALSE,networkingplus,Networking+,http://t.co/ushYiU8wHp,FALSE,Surrey,183181723,"Networking+ and https://t.co/ushYiU7YRR for comms, network, IT and data centre news, views and technology for UK public and private sector enterprise users.",2010-08-26T10:27:38.000Z,2340,1385,50406,613,450,
FALSE,mikewashousekey,Michael WasHouseKey,,FALSE,,1725109596690194432,youâ€™ve got to be in it to win it,2023-11-16T11:13:05.000Z,49,101,535,0,412,
FALSE,sahrmael,Emo Nemo (Noir) ğŸ‰,https://t.co/2RAKfXwbps,FALSE,CA & US,85682147,She/Her. 30s. Acespec. ğŸ¶ mom. Med/psych gremlin. Psychosocial analyses on my fictional faves. Enjoyer of scruffy men.,2009-10-27T22:40:31.000Z,211,805,47101,6,31323,
FALSE,SValentineX7,SK,,FALSE,,1756363402124107776,,2024-02-10T17:04:50.000Z,36,144,3313,0,5052,
FALSE,itsmecryptolisa,Lisa,,FALSE,,1732342207930101760,"#BTC #ETH #Truebit #TRU $TRU $RLC $ROUTE. Not financial advice, learn and do your own research. Don't be a bear â¤ï¸ Addicted to $ETH. It's Teutsch Szn.",2023-12-06T10:13:05.000Z,129,581,4176,0,11249,
FALSE,TopCoach4You,TopCoach4You,http://t.co/5r4QsTqOOR,FALSE,"Las Rozas de Madrid, Spain",3021720604,"TopCoach4You's Vision: Bring coaching to everybody and make everyone a coach. If you are able to learn to listen to truly understand, you are a coach.",2015-02-06T16:36:03.000Z,103,273,981,8,451,
FALSE,HosikuzuAlice,æ˜Ÿå±‘,,FALSE,,820977511714549760,åŸºæœ¬ä¸»äººå…¬å—ã‘ fgoãƒ¡ã‚¤ãƒ³ã«è‰²ã‚“ãªã‚²ãƒ¼ãƒ ã‚’ã‚„ã£ã¦ã¾ã™ã€‚æˆäººæ¸ˆã¿,2017-01-16T12:54:26.000Z,154,2085,180145,0,244310,
FALSE,rbuntu1,JM,,FALSE,,1315682096392933376,Web3 | Disruptive Tech,2020-10-12T15:55:20.000Z,103,967,3308,3,12059,
FALSE,alexnikhit007,Alex Nikhit,,FALSE,"New Delhi, India",1375127696,ğŸŒ Talent Acquisition @ MongoDB APAC Sales ğŸš€ | Former Sales Team Builder @ Forrester (EMEA & NA) ğŸŒ | Guitarist ğŸ¸ | Sound Enthusiast ğŸ”Š,2013-04-23T17:52:34.000Z,58,180,189,0,181,
FALSE,nef_van,Nef Van Lishout | HippoSwap LOKI,,FALSE,,886238887634513920,dj from the heart.. lover of art... #HippoSwap,2017-07-15T14:59:51.000Z,420,1942,10458,9,6661,
FALSE,sparksocial_io,Sparksocial,https://t.co/jRVIOaboI0,FALSE,NY,1712465051138117632,"Enhance Your Social Media Marketing ROI with Auto-Replies, Brand Mentions and Lead Generationâœ¨",2023-10-12T13:47:57.000Z,49,6,53,0,12,
FALSE,cryptokong19n1,Cryptokong19n,,FALSE,,1626061358419648512,,2023-02-16T03:30:25.000Z,8,75,23,0,24,
FALSE,ArmansyahArif,Carlo .fuel ğŸ‰ $MON Ultiverseâš¡ï¸ğŸ‘,,FALSE,,97963506,#ConvergencelsComing,2009-12-19T19:15:58.000Z,699,4988,7777,8,3126,
FALSE,vince013000,Vince nft,https://t.co/Qw1Mz27xCq,FALSE,,400758901,,2011-10-29T14:43:40.000Z,90,746,1649,5,909,
FALSE,Darejimoh23,DÃ¤rÃ«,https://t.co/9y18YsmRi6,FALSE,Nigeria,3402409643,"Alive.
Dreaming. 
14 UCL 
Real Madrid.
HALA MADRID",2015-08-04T08:20:25.000Z,2662,2579,93560,1,70621,
FALSE,Solamanator,Chill bro,,FALSE,,1750167897995919360,,2024-01-24T14:45:32.000Z,7,16,692,0,667,
FALSE,androm,Andrea Romoli,https://t.co/2bbozVrL3q,FALSE,"Milano, Italy",647043,"LEGOÂ® SERIOUS PLAYÂ®, Design Sprint & Design Thinking  Facilitator, @lean event producer -  I help companies to solve big problems and test new innovative ideas",2007-01-16T16:23:49.000Z,8505,9350,63837,857,16797,
FALSE,gurushinbt,DdpDwn,,FALSE,,1718286731898740736,,2023-10-28T15:21:03.000Z,97,67,88,0,188,
FALSE,MathurAnoop,Anoop Mathur,https://t.co/kiPHsuvsHh,FALSE,"Dubai, United Arab Emirates",1540158620,"A seasoned entrepreneur, media professional, and venture capitalist with a proven track record in the industry with a passion for technology and startups.",2013-06-23T04:56:16.000Z,1479,44,7061,184,988,
FALSE,usergrowth,User Growth,https://t.co/WhcROKiABZ,FALSE,,1063436289989640192,We help companies make more ğŸ’° with organic and paid advertising. We look at the entire funnel to get more traffic and convert more of that traffic in leads ğŸ“ˆ,2018-11-16T14:19:04.000Z,105,20,6265,3,75,
FALSE,LordMogorCrypto,LordMogor,,FALSE,,1379482741163630592,The world will be Crypo soon!,2021-04-06T17:16:15.000Z,129,17,822,1,6386,
FALSE,WSBSBULL,$WSBS ğŸš€ğŸš€ğŸš€ğŸš€,,FALSE,,1705657440480460800,,2023-09-23T18:56:47.000Z,25,119,444,0,533,
FALSE,yptLJiTLSOhtuUe,Ğ¿Ğ°Ğ²ĞµĞ» Ğ¾,,FALSE,,3298235893,,2015-07-27T17:10:24.000Z,35,36,127,0,84,
FALSE,tIZeynzECmXZDuM,Ğ®Ñ€Ğ¸Ğ¹ Ğ”Ğ¾Ğ½Ğ´Ğ¸Ğ½,,FALSE,,3081105082,,2015-03-09T06:25:59.000Z,21,29,66,0,57,
FALSE,SoundInten91632,Intensive Sound,,FALSE,"Jos, Plateau State ",1750185608473886720,Entertainment Hub,2024-01-24T15:55:55.000Z,21,26,36,0,1,
FALSE,acnnewswire,ACN Newswire,https://t.co/eYqSXdbNKM,FALSE,Global,31694410,"(Official Account) 

ACN Newswire is a global press release distributor in English, Chinese, Korean & other local languages.",2009-04-16T08:30:19.000Z,362,324,32421,13,4,
FALSE,Meridays24,Meridays,,FALSE,Carrefour food aisle,1454237290016903168,personal stuff. Shitposts and more,2021-10-30T00:02:55.000Z,456,182,3698,2,18458,
FALSE,IMTrainingPara1,IM Training Paradise,https://t.co/OudOYmZJD5,FALSE,"Abergavenny, Wales",1092549698945200128,IM Training Paradise is all about internet marketing tips and training. Check out what we have to share.,2019-02-04T22:25:21.000Z,67,147,2417,0,755,
FALSE,CryptoMoonex,Crypto Moon,https://t.co/D6ALpeeMzz,FALSE,"London, England",1744318949141934080,Codex has 6 utilities live $CODEX,2024-01-08T11:24:08.000Z,47,171,850,0,533,
FALSE,broadcast_sport,Broadcast Sport,https://t.co/aSFAwCZaAn,FALSE,"London, England",1068812531307872256,"The business of sports media. #sports #production, #distribution and #tech #innovation news. Bi-annual magazine, conference events and Broadcast Sport Awards.",2018-12-01T10:22:19.000Z,4142,717,6433,48,2461,
FALSE,YUiCHI_Bi,ã€Aiå»ºç¯‰ãƒ‡ã‚¶ã‚¤ãƒŠãƒ¼ã€‘YUiCHI,https://t.co/jEikGoDebf,FALSE,noteâ†’,1626042098201001984,AiHUBãƒ»çµ„ç¹”è¨­è¨ˆäº‹å‹™æ‰€/ Ai x å»ºç¯‰ã®å½¹ç«‹ã¤æƒ…å ±ã‚’ç™ºä¿¡ï¼å»ºç¯‰çŸ¥è­˜12æœˆå·ç›£ä¿®/å»ºç¯‰æƒ…å ±å­¦ä¼šå‡ºæ¼”/TBSç´¹ä»‹/è©³ã—ã„å†…å®¹ã¯noteã¸â†“/ä¼æ¥­å‘ã‘ã®è¬›ç¿’ã‚‚è¡Œã£ã¦ã„ã¾ã™,2023-02-16T02:13:50.000Z,2734,470,1398,30,1158,
FALSE,Aravind3897511,masculinechad,,FALSE,,1479270814398570496,,2022-01-07T01:58:11.000Z,287,872,10446,0,22619,
FALSE,Vladimir_197425,Ğ’Ğ»Ğ°Ğ´Ğ¸Ğ¼Ğ¸Ñ€,,FALSE,"Ğ¥Ğ¸Ğ¼ĞºĞ¸, Ğ Ğ¾ÑÑĞ¸Ñ",1391421679075737600,,2021-05-09T15:56:08.000Z,23,24,79,0,48,
FALSE,diabymohamed,Diaby Mohamed ğŸ‡¨ğŸ‡®,https://t.co/Af0HH3afy3,FALSE,Abidjan,41087588,"Ne jamais s'arrÃªter d'apprendre, d'innover et d'agir. Doing all the crazy things happy people do to live a meaningful and rich life.",2009-05-19T09:52:07.000Z,33640,3571,42206,520,797,
FALSE,artur_youthjrd,Pey.SOL ğŸ§ ğŸ’«,,FALSE,,952470457265152000,Gate,2018-01-14T09:20:27.000Z,6,20,698,0,7,
FALSE,ogessun_83613,ogedengbe sunday,,FALSE,Nigeria,2806352368,"Follow me to learn free course on udemy 
with free coupon code",2014-10-04T21:55:33.000Z,57,566,87,0,22,
FALSE,Ann121314,ĞĞ½Ğ½Ğ°,,FALSE,,983366737549774848,,2018-04-09T15:31:15.000Z,27,39,84,0,54,
FALSE,gadzhaev01,ĞœĞ°Ğ³Ğ¾Ğ¼ĞµĞ´,,FALSE,,2779086802,,2014-09-21T15:02:34.000Z,34,38,103,0,85,
FALSE,JimHarris,Jim Harris #MWC24,https://t.co/oTTLu69r2d,FALSE,Global & North America ,15066876,"At #MWC24 Barcelona
#1 Interntn'l Bestselling Author, Columnist & On Air: #AI & #Disruption #Innovation
Decade of #DigitalTransformation https://t.co/ajQ38wLVeE",2008-06-09T23:05:05.000Z,257086,125022,50446,5015,13828,
FALSE,romitguhaET,Romit Guha,,FALSE,New Delhi,92002675,"A journalist with The Economic Times, oversees telecom and technology coverage.I am a sports lover, a movie buff and a foodie. Views are personal.",2009-11-23T12:10:47.000Z,2422,528,12741,47,726,
FALSE,isma8385500133,Ğ˜ÑĞ¼Ğ°Ğ¸Ğ»,,FALSE,,3407367707,,2015-08-07T15:42:58.000Z,33,30,116,0,82,
FALSE,__tinka02__,ğŸ¼TiNkAğŸ¼,,FALSE,,818572340535689216,ğŸŒšâš½â™£ï¸Ğ§Ğ‘ ForeverğŸ¼ğŸ•·ï¸ğŸ•¸ï¸,2017-01-09T21:37:09.000Z,39,117,123,0,85,
FALSE,DanInvesta64925,Dan the Investa,,FALSE,,1749445416582815744,,2024-01-22T14:54:44.000Z,128,474,155,0,655,
FALSE,taong_kalye,taongkalye,,FALSE,,741888734,,2012-08-07T01:42:36.000Z,295,239,16896,2,9145,
FALSE,Gandi591,PIG Shaq,https://t.co/87lXoVkGsG,FALSE,Germany,1019185360587448320,"Just here for my Piggies, $piggyc, pandoshi $pambo, for $BBONK and for $XDoge",2018-07-17T11:41:40.000Z,223,296,1142,1,1222,
FALSE,janna_lee_85,Janna Lee,,FALSE,,1213983109,"Crypto Research Scientist ğŸ§³ Founder of ChillVibes Co., hooking folks up with good vibes daily - Music time traveler 
Coffee connoisseur â˜•ï¸",2013-02-23T23:40:00.000Z,173,238,250,0,580,
FALSE,aleksandrtush,Aleksandrtush,,FALSE,,1462533474439606272,,2021-11-21T21:28:59.000Z,41,23,65,0,43,
FALSE,tcmbigcheese,pat younge,https://t.co/vNigoyus5G,FALSE,"London, England",90971293,Journalist and TV Exec. HE Governor. All views are personal. R/T doesn't mean endorsement. Dw i'n dysgu siarad cymraeg #LOVETHEBBC,2009-11-18T22:14:07.000Z,5254,2155,17167,47,2951,
FALSE,HenryLiu_FIT,Henry Liu,https://t.co/gruvUhwprx,FALSE,,3131330961,"Honorary Advisor, 13th President of FIT - the voice of associations of translators, interpreters and terminologists around the world (2014-17)",2015-04-02T18:05:36.000Z,4312,572,157988,656,89729,
FALSE,FStechnology,FStech,https://t.co/y3I7RSpI8n,FALSE,London,55271206,"Since 1995, we've been first for FinTech news and views, as well as hosting the #FStechAwards, #PaymentsAwards and other leading industry events.",2009-07-09T15:44:30.000Z,3854,581,14281,179,135,
FALSE,EricStolzervim,Eric Stolzervim,,FALSE,,1549575764,,2013-06-27T02:21:20.000Z,35,116,3475,0,15,
FALSE,divano_analista,Divano analista,https://t.co/FsfFdzMNxQ,FALSE,,1257207863874813952,"Ğ¤ÑƒÑ‚Ğ±Ğ¾Ğ», Ğ½Ğ¸Ñ‡ĞµĞ³Ğ¾ Ğ±Ğ¾Ğ»ĞµĞµ. ĞĞ¾Ğ²Ğ¾ÑÑ‚Ğ¸, ÑĞ»ÑƒÑ…Ğ¸, Ğ¼Ğ°Ñ‚Ñ‡Ğ¸ Ğ¸ Ğ¸Ñ… Ğ¾Ğ±ÑÑƒĞ¶Ğ´ĞµĞ½Ğ¸Ğµ(Ğ°Ğ½Ğ°Ğ»Ğ¸Ñ‚Ğ¸ĞºĞ°, ĞµÑĞ»Ğ¸ ÑƒĞ³Ğ¾Ğ´Ğ½Ğ¾). ĞŸĞ¸ÑˆÑƒ Ñ‚ĞµĞºÑÑ‚Ñ‹ Ğ½Ğ° @sportsru",2020-05-04T07:18:16.000Z,16,20,97,0,49,
FALSE,bobodtech,Bob O'Donnell,https://t.co/64Fl194NxW,FALSE,"Foster City, CA",208595633,"President Chief Analyst at TECHnalysis Research covering smart devices #GenAI #5G #Edge #AR #VR #Cloud #Semis. Book author, speaker, musician @NotreDame grad.",2010-10-27T15:22:01.000Z,5800,497,12740,370,4306,
